,Date,temp,pH,Ox,Dao,Zhuodu,Yandu
0,45393.0,17.0,7.97,12.58,762.3,11.3,5.06
1,45393.0,18.1,8.33,10.58,882.8,2.5,5.45
2,45393.0,19.3,7.69,10.42,1175.1,12.5,3.86
3,45393.0,16.2,8.38,12.49,1121.8,15.3,4.32
4,45393.0,19.6,7.86,10.05,923.8,6.9,3.16
5,45393.0,17.5,8.75,14.59,1001.1,5.6,2.84
6,45393.0,16.5,7.83,9.17,987.5,11.1,3.96
7,45393.0,18.5,8.17,11.32,1052.7,13.2,4.60
8,45393.0,17.0,7.66,9.62,1209.1,38.7,3.25
9,45393.0,19.8,8.69,16.00,1229.7,13.3,4.97
10,45393.0,17.6,8.98,--,1151.7,1.7,4.73
11,45393.0,14.1,8.32,10.76,417.8,6.7,2.30
12,45393.0,16.3,8.1,9.64,880.9,24.8,4.44
13,45393.0,10.7,8.29,11.92,437.4,2.9,2.27
14,45393.0,13.8,8.11,10.38,500.8,16.3,1.29
15,45393.0,15.4,7.97,9.46,592.8,3.3,1.11
16,45393.0,16.9,8.48,13.67,595.6,8.1,2.70
17,45393.0,14.1,8.29,7.25,547.3,21.0,0.95
18,45393.0,16.2,8.1,9.31,1073.9,13.3,
19,45393.0,16.4,8.52,15.61,868.9,3.9,3.33
20,45393.0,16.5,9.13,18.84,1568.5,5.4,5.15
21,45393.0,16.6,8.3,9.71,282.6,1.1,1.57
22,45393.0,14.2,8.67,13.90,--,8.5,4.11
23,45393.0,15.1,8.05,9.61,288.3,5.0,1.78
24,45393.0,16.0,8.02,11.73,972.7,0.6,5.59
25,45393.0,14.7,8.83,9.87,1006.2,5.6,3.73
26,45393.0,14.2,8.46,12.28,2642.4,9.9,4.95
27,45393.0,14.5,9.03,16.35,26761.6,18.5,10.86
28,45393.0,14.9,8.42,10.72,37459.5,21.5,2.47
29,45393.0,16.0,7.83,8.12,33905.1,133.6,8.86
30,45393.0,14.1,8.38,11.33,1783.6,15.6,8.07
31,45393.0,13.6,8.67,9.78,15880.5,33.7,8.43
32,45393.0,14.9,8.79,14.18,1876.2,15.6,6.53
33,45393.0,13.8,8.38,10.66,551.9,2.2,4.36
34,45393.0,13.6,8.24,8.84,515.2,4.3,2.67
35,45393.0,17.3,8.62,11.37,704.9,4.9,2.24
36,45393.0,16.6,8.25,12.82,828.8,12.7,2.28
37,45393.0,16.7,8.75,12.22,750.9,1.4,6.15
38,45393.0,16.1,8.92,18.96,515.0,5.6,3.37
39,45393.0,17.6,8.48,24.16,621.6,30.1,3.90
40,45393.0,18.7,7.9,8.70,1175.6,13.1,0.55
41,45393.0,19.0,8.28,11.98,961.2,27.4,1.04
42,45393.0,17.0,8.32,6.18,1382.8,21.2,6.95
43,45393.0,12.0,8.87,14.74,561.3,1.8,2.12
44,45393.0,17.5,9.01,15.20,768.5,9.5,4.94
45,45393.0,13.9,9.56,22.07,920.5,7.3,6.84
46,45393.0,12.5,8.17,10.95,497.5,5.5,1.74
47,45393.0,15.2,8.18,11.51,14148.2,1.8,2.60
48,45393.0,16.1,9.04,27.77,12107.5,4.6,8.13
49,45393.0,11.1,8.57,13.41,464.2,2.1,1.12
50,45393.0,13.1,8.44,11.79,776.8,3.8,2.94
51,45393.0,16.5,8.33,10.38,843.1,12.6,2.52
52,45393.0,15.8,8.52,10.01,1127.9,10.5,3.35
53,45393.0,17.0,7.97,12.58,762.3,11.3,5.12
54,45393.0,18.1,8.33,10.58,882.8,2.5,5.45
55,45393.0,19.3,7.69,10.42,1175.1,12.5,3.64
56,45393.0,16.2,8.38,12.49,1121.8,15.3,4.23
57,45393.0,19.6,7.86,10.05,923.8,6.9,3.87
58,45393.0,17.5,8.75,14.59,1001.1,5.6,2.84
59,45393.0,16.5,7.83,9.17,987.5,11.1,3.02
60,45393.0,18.5,8.17,11.32,1052.7,13.2,4.60
61,45393.0,17.0,7.66,9.62,1209.1,38.7,3.25
62,45393.0,19.8,8.69,16.00,1229.7,13.3,4.97
63,45393.0,17.6,8.98,--,1151.7,1.7,4.73
64,45393.0,14.1,8.32,10.76,417.8,6.7,2.30
65,45393.0,16.3,8.1,9.64,880.9,24.8,4.85
66,45393.0,10.7,8.29,11.92,437.4,2.9,2.27
67,45393.0,13.8,8.11,10.38,500.8,16.3,1.29
68,45393.0,15.4,7.97,9.46,592.8,3.3,1.11
69,45393.0,16.9,8.48,13.67,595.6,8.1,2.70
70,45393.0,14.1,8.29,7.25,547.3,21.0,0.95
71,45393.0,16.2,8.1,9.31,1073.9,13.3,
72,45393.0,17.1,8.81,14.00,781.5,8.3,4.00
73,45393.0,16.4,8.52,15.61,868.9,3.9,3.33
74,45393.0,16.5,9.13,18.84,1568.5,5.4,5.15
75,45393.0,16.6,8.3,9.71,282.6,1.1,1.57
76,45393.0,14.2,8.67,13.90,--,8.5,4.11
77,45393.0,15.1,8.05,9.61,288.3,5.0,1.62
78,45393.0,15.5,8.24,13.46,972.3,0.9,5.58
79,45393.0,14.7,8.83,9.87,1006.2,5.6,3.73
80,45393.0,14.2,8.46,12.28,2642.4,9.9,4.86
81,45393.0,14.5,9.03,16.35,26761.6,18.5,11.10
82,45393.0,14.9,8.42,10.72,37459.5,21.5,2.47
83,45393.0,16.0,7.83,8.12,33905.1,133.6,8.86
84,45393.0,14.1,8.38,11.33,1783.6,15.6,6.20
85,45393.0,13.6,8.67,9.78,15880.5,33.7,5.91
86,45393.0,14.9,8.79,14.18,1876.2,15.6,6.53
87,45393.0,13.8,8.38,10.66,551.9,2.2,4.36
88,45393.0,13.6,8.24,8.84,515.2,4.3,2.67
89,45393.0,17.3,8.62,11.37,704.9,4.9,1.76
90,45393.0,16.6,8.25,12.82,828.8,12.7,2.47
91,45393.0,16.7,8.75,12.22,750.9,1.4,6.15
92,45393.0,16.1,8.92,18.96,515.0,5.6,3.35
93,45393.0,17.6,8.48,24.16,621.6,30.1,3.90
94,45393.0,18.7,7.9,8.70,1175.6,13.1,0.55
95,45393.0,19.0,8.28,11.98,961.2,27.4,0.99
96,45393.0,17.4,8.61,10.83,317.7,2.6,1.32
97,45393.0,17.0,8.32,6.18,1382.8,21.2,6.95
98,45393.0,12.0,8.87,14.74,561.3,1.8,2.21
99,45393.0,17.5,9.01,15.20,768.5,9.5,4.78
100,45393.0,13.9,9.56,22.07,920.5,7.3,6.21
101,45393.0,12.5,8.17,10.95,497.5,5.5,1.57
102,45393.0,15.2,8.18,11.51,14148.2,1.8,2.60
103,45393.0,16.1,9.04,27.77,12107.5,4.6,8.26
104,45393.0,11.1,8.57,13.41,464.2,2.1,1.72
105,45393.0,13.1,8.44,11.79,776.8,3.8,2.94
106,45393.0,14.6,8.04,10.68,982.2,19.9,2.58
107,45393.0,13.7,9.24,14.51,2537.1,6.1,5.12
108,45393.0,14.3,8.96,18.61,1999.3,13.3,5.84
109,45393.0,18.3,6.29,5.91,44865.4,6.7,5.29
110,45393.0,17.0,8.32,9.34,587.7,31.2,1.06
111,45393.0,16.9,8.66,10.52,538.1,2.1,0.75
112,45393.0,19.7,8.8,10.31,547.7,59.3,2.66
113,45393.0,19.4,8.58,8.40,880.8,71.6,6.19
114,45393.0,19.4,8.64,8.61,916.3,24.0,3.01
115,45393.0,18.2,8.22,9.73,758.9,15.8,2.84
116,45393.0,20.0,8.5,15.13,1117.2,12.6,4.30
117,45393.0,17.4,8.75,10.90,670.4,6.8,2.37
118,45393.0,18.0,8.22,9.79,583.9,11.1,1.09
119,45393.0,16.6,8.19,9.28,491.4,12.8,1.03
120,45393.0,13.5,8.57,8.82,1214.8,76.1,3.48
121,45393.0,15.3,8.55,10.32,1297.9,49.3,4.20
122,,,,,,,
123,45393.0,13.1,8.39,10.87,718.6,2.0,1.36
124,45393.0,14.1,8.32,7.72,432.6,6.9,1.28
125,45393.0,12.6,8.34,9.14,417.8,59.6,3.82
126,45393.0,14.4,8.56,9.65,923.2,2.3,0.98
127,45393.0,15.5,8.35,10.61,713.2,19.8,3.19
128,45393.0,13.9,8.53,10.76,1367.7,2.5,1.31
129,45393.0,12.8,8.34,8.68,331.8,64.2,4.51
130,45393.0,15.6,8.27,9.92,625.7,19.4,3.57
131,45393.0,15.6,8.48,9.43,850.3,30.8,1.65
132,45393.0,12.4,8.11,12.94,691.1,2.6,1.01
133,45393.0,13.8,8.32,7.14,692.5,4.0,2.90
134,45393.0,16.0,8.3,8.76,719.8,10.6,2.07
135,45393.0,13.2,7.94,8.92,568.2,6.6,2.00
136,45393.0,15.2,9.0,12.50,2873.9,21.8,6.12
137,45393.0,16.0,8.74,15.68,--,22.2,6.76
138,45393.0,13.4,7.82,10.31,40097.4,102.4,3.80
139,45393.0,15.9,8.46,10.73,2030.7,38.3,5.25
140,45393.0,14.7,8.81,14.70,2481.3,22.3,4.16
141,45393.0,16.1,9.53,28.72,1039.6,12.1,4.93
142,45393.0,16.6,8.43,12.92,1066.7,5.5,4.92
143,45393.0,16.6,8.37,10.73,958.2,5.2,4.31
144,45393.0,17.7,7.89,8.85,966.0,10.3,3.39
145,45393.0,16.2,8.89,18.12,883.0,9.3,3.97
146,45393.0,17.5,8.87,21.68,985.7,1.3,4.74
147,45393.0,18.4,9.07,16.45,1234.6,8.8,4.61
148,45393.0,18.7,8.69,8.31,1399.5,33.2,5.04
149,45393.0,17.5,9.19,9.92,339.9,3.7,1.48
150,45393.0,17.7,7.99,10.11,810.3,3.2,3.83
151,45393.0,17.7,8.24,10.66,650.9,2.5,3.61
152,45393.0,16.9,8.33,10.96,1057.3,2.2,4.02
153,45393.0,16.4,8.76,15.24,982.6,5.6,3.70
154,45393.0,17.4,7.97,9.78,802.9,1.4,3.82
155,45393.0,19.0,8.27,13.85,1246.0,21.5,3.72
156,45393.0,9.7,8.44,11.10,817.9,8.1,1.68
157,45393.0,17.5,8.77,13.81,974.1,42.8,5.60
158,45393.0,14.2,8.38,10.93,585.7,13.2,1.55
159,45393.0,11.6,8.49,9.33,1201.8,10.0,3.44
160,45393.0,13.8,8.38,9.42,803.1,79.1,1.56
161,45393.0,17.8,8.27,10.09,1137.9,12.2,3.96
162,45393.0,17.2,8.18,12.71,1921.7,27.1,4.70
163,45393.0,17.6,8.0,9.22,534.8,22.9,2.29
164,45393.0,18.0,7.9,7.54,2350.0,2.8,4.16
165,45393.0,17.9,8.27,8.91,686.6,16.5,1.77
166,45393.0,16.0,8.42,22.61,754.5,35.2,4.65
167,45393.0,9.0,7.84,10.08,710.6,3.0,2.50
168,45393.0,17.8,8.13,9.59,1057.9,67.1,4.51
169,45393.0,13.6,8.07,10.35,517.3,5.2,2.38
170,45393.0,17.2,8.45,11.10,624.0,39.5,2.92
171,45393.0,18.1,8.3,9.17,822.6,5.8,1.22
172,45393.0,11.6,8.55,11.47,562.0,5.2,1.33
173,45393.0,17.4,8.51,11.65,649.1,42.5,5.08
174,45393.0,14.6,8.04,10.67,700.2,8.4,2.68
175,45393.0,17.7,8.01,8.67,585.8,39.7,0.67
176,45393.0,20.8,8.44,9.21,--,66.2,7.95
177,45393.0,19.2,8.12,8.15,1443.6,100.4,7.26
178,45393.0,17.6,8.59,15.71,725.4,22.0,5.41
179,45393.0,17.0,8.28,10.28,902.9,60.3,1.58
180,45393.0,19.5,8.44,9.34,2816.7,177.9,8.14
181,45393.0,20.9,8.22,7.62,780.2,28.4,1.80
182,45393.0,20.5,8.01,16.28,1875.6,30.3,4.82
183,45393.0,14.3,8.14,8.35,1062.5,29.8,4.34
184,45393.0,12.0,7.96,7.90,772.7,33.9,1.91
185,45393.0,20.3,7.72,6.25,959.7,16.7,3.62
186,45393.0,15.1,8.41,10.31,608.7,4.3,2.12
187,45393.0,13.9,8.23,8.95,490.0,38.3,
188,45393.0,15.6,8.41,7.99,872.6,11.6,1.67
189,45393.0,20.4,8.47,10.31,1628.2,24.5,3.70
190,45393.0,20.0,9.15,8.52,743.2,32.7,2.69
191,45393.0,16.6,8.24,7.08,617.2,23.2,2.22
192,45393.0,18.4,8.41,6.80,579.1,2.3,1.44
193,45393.0,20.6,8.77,8.06,1191.3,6.4,3.80
194,45393.0,17.8,8.87,7.70,721.0,49.4,2.78
195,45393.0,20.2,8.67,7.76,1008.8,16.4,3.16
196,45393.0,9.8,8.22,9.56,591.1,1.2,1.41
197,45393.0,20.3,8.18,9.79,1108.6,29.6,5.19
198,45393.0,14.6,8.42,8.80,1029.5,1030.7,3.32
199,45394.0,15.6,8.21,10.01,1059.8,565.3,2.74
200,45394.0,16.8,8.32,9.77,2005.7,65.2,8.85
201,45394.0,14.7,8.33,9.28,1022.1,350.4,3.06
202,45394.0,3.5,7.46,12.07,99.6,9.0,2.51
203,45394.0,8.8,7.72,12.81,85.6,4.6,2.33
204,45394.0,15.2,8.61,10.21,1066.5,259.8,1.85
205,45394.0,16.4,8.79,12.18,--,22.9,7.58
206,45394.0,14.5,8.71,10.15,864.4,87.6,2.28
207,45394.0,10.4,8.33,8.33,770.0,26.0,1.43
208,45394.0,2.9,6.69,11.51,146.7,16.9,9.06
209,45394.0,12.8,7.68,9.90,320.7,174.4,7.07
210,,,,,,,
211,45394.0,18.1,8.57,9.03,1005.7,133.0,1.87
212,45394.0,17.1,8.8,8.85,854.5,56.7,10.52
213,45394.0,14.8,7.74,10.12,723.9,7.3,6.23
214,45394.0,13.4,8.33,9.50,729.9,10.9,3.86
215,45394.0,14.1,8.17,13.76,796.4,5.9,2.51
216,45394.0,13.0,8.59,10.81,650.4,25.2,8.20
217,45394.0,14.0,8.02,14.39,588.2,0.6,2.20
218,45394.0,13.5,8.05,10.41,285.9,5.6,1.22
219,45394.0,15.2,8.86,13.24,516.7,14.0,3.04
220,45394.0,15.2,8.5,12.95,540.6,21.2,3.69
221,45394.0,12.5,7.96,9.51,795.6,4.5,2.01
222,45394.0,10.5,7.5,11.66,132.2,4.1,2.05
223,45394.0,14.1,9.19,10.88,259.4,4.0,1.53
224,45394.0,16.2,8.63,15.10,792.0,15.5,5.62
225,,,,,,,
226,45394.0,11.4,8.5,11.79,318.1,4.7,1.39
227,45394.0,9.6,8.14,10.99,391.9,1.6,0.94
228,45394.0,13.3,8.74,14.74,672.5,24.1,4.12
229,45394.0,6.6,7.74,14.31,254.7,3.5,1.81
230,45394.0,13.2,8.2,9.42,551.2,15.6,1.54
231,45394.0,14.7,8.46,16.83,528.0,2.0,2.03
232,45394.0,12.4,8.74,12.40,287.4,5.2,1.02
233,45394.0,14.0,8.46,10.52,251.2,4.4,1.17
234,45394.0,11.2,8.57,11.45,289.9,7.8,2.48
235,45394.0,10.4,8.93,12.86,191.8,9.3,1.39
236,45394.0,13.8,8.31,12.52,306.6,9.7,1.22
237,45394.0,13.2,8.03,10.22,479.0,8.3,2.55
238,45394.0,8.7,7.45,10.30,339.4,2.0,0.68
239,45394.0,10.4,8.09,10.46,117.7,8.2,0.60
240,45394.0,8.8,7.52,10.49,152.1,3.8,1.79
241,45394.0,11.0,8.7,11.24,228.1,5.8,0.80
242,45394.0,10.9,7.28,11.17,508.0,1.7,0.55
243,,,,,,,
244,45394.0,14.5,8.3,10.24,866.6,22.0,3.10
245,45394.0,13.2,8.1,10.10,848.2,16.7,5.52
246,45394.0,14.4,8.35,11.14,710.7,20.0,3.10
247,45394.0,15.6,8.53,11.19,425.5,8.2,2.65
248,45394.0,11.8,8.28,8.04,1237.6,17.2,2.42
249,45394.0,6.7,7.45,4.22,1111.9,8.9,3.85
250,45394.0,12.7,8.3,12.34,287.1,4.6,1.02
251,45394.0,16.2,8.16,9.45,877.8,12.6,2.52
252,45394.0,15.8,8.52,10.01,1127.9,10.5,3.35
253,45394.0,17.0,7.97,12.58,762.3,11.3,5.12
254,45394.0,18.4,7.79,8.85,861.0,2.6,4.54
255,45394.0,19.3,7.69,10.42,1175.1,12.5,3.64
256,45394.0,16.2,8.38,12.49,1121.8,15.3,4.23
257,45394.0,19.6,7.86,10.05,923.8,6.9,3.87
258,45394.0,17.2,8.44,11.62,1006.3,4.6,2.26
259,45394.0,16.4,7.87,8.76,1064.2,11.1,3.02
260,45394.0,17.8,8.07,10.43,1056.4,14.1,4.51
261,45394.0,17.0,7.66,9.62,1209.1,38.7,3.14
262,45394.0,19.8,8.69,16.00,1229.7,13.3,4.82
263,45394.0,17.6,8.98,--,1151.7,1.7,4.43
264,45394.0,14.5,8.3,10.31,419.2,5.5,2.49
265,45394.0,16.3,8.1,9.64,880.9,24.8,4.85
266,45394.0,11.1,8.27,11.77,437.6,2.8,2.20
267,45394.0,13.7,8.14,10.54,500.3,13.8,1.38
268,45394.0,15.4,7.97,9.46,592.8,3.3,1.22
269,45394.0,16.3,8.46,13.40,596.9,7.8,2.84
270,45394.0,14.1,8.29,7.25,547.3,21.0,1.40
271,45394.0,16.2,8.1,9.31,1073.9,13.3,
272,45394.0,17.0,8.9,12.89,849.7,7.5,4.00
273,45394.0,16.4,8.52,15.61,868.9,3.9,3.12
274,45394.0,16.5,9.13,18.84,1568.5,5.4,4.89
275,45394.0,16.2,8.3,9.73,285.6,1.6,1.52
276,45394.0,14.2,8.67,13.90,--,8.5,4.11
277,45394.0,15.1,8.05,9.61,288.3,5.0,1.62
278,45394.0,15.5,8.24,13.46,972.3,0.9,5.58
279,45394.0,15.0,8.87,10.63,1011.5,4.4,3.73
280,45394.0,14.2,8.46,12.28,2642.4,9.9,4.86
281,45394.0,14.5,9.03,16.35,26761.6,18.5,11.10
282,45394.0,14.9,8.42,10.68,37089.0,22.8,2.68
283,45394.0,16.1,8.08,9.21,19939.4,99.4,4.33
284,45394.0,14.1,8.38,11.33,1783.6,15.6,6.20
285,45394.0,13.6,8.67,9.78,15880.5,33.7,5.91
286,45394.0,14.9,8.79,14.18,1876.2,15.6,5.93
287,45394.0,13.5,8.36,10.52,551.5,2.2,4.36
288,45394.0,13.6,8.24,8.84,515.2,4.3,2.86
289,45394.0,17.3,8.62,11.37,704.9,4.9,1.76
290,45394.0,16.6,8.25,12.82,828.8,12.7,2.47
291,45394.0,16.7,8.75,12.22,750.9,1.4,
292,45394.0,16.1,8.92,18.96,515.0,5.6,3.35
293,45394.0,17.2,8.4,22.97,628.2,26.1,4.09
294,45394.0,18.7,7.91,8.60,1180.5,9.4,0.48
295,45394.0,19.0,8.28,11.98,961.2,27.4,0.99
296,45394.0,17.0,8.57,10.19,319.2,2.7,1.39
297,45394.0,17.0,8.32,6.18,1382.8,21.2,8.11
298,45394.0,12.0,8.87,14.74,561.3,1.8,2.21
299,45394.0,17.5,9.01,15.20,768.5,9.5,4.78
300,45394.0,13.9,9.56,22.07,920.5,7.3,6.21
301,45394.0,12.5,8.17,10.95,497.5,5.5,1.57
302,45394.0,15.2,8.18,11.51,14148.2,1.8,2.58
303,45394.0,16.1,9.04,27.77,12107.5,4.6,8.26
304,45394.0,11.1,8.57,13.41,464.2,2.1,1.72
305,45394.0,13.1,8.44,11.79,776.8,3.8,2.96
306,45394.0,14.6,8.04,10.68,982.2,19.9,2.58
307,45394.0,13.7,9.2,13.87,2508.7,4.9,5.03
308,45394.0,13.8,8.85,17.33,1966.5,12.3,5.87
309,45394.0,18.3,6.29,5.91,44865.4,6.7,5.30
310,45394.0,17.0,8.32,9.34,587.7,31.2,1.06
311,45394.0,16.9,8.66,10.52,538.1,2.1,1.09
312,45394.0,19.7,8.8,10.31,547.7,59.3,2.66
313,45394.0,19.4,8.58,8.40,880.8,71.6,5.51
314,45394.0,19.4,8.64,8.61,916.3,24.0,3.01
315,45394.0,18.2,8.22,9.73,758.9,15.8,2.84
316,45394.0,20.0,8.5,15.13,1117.2,12.6,4.30
317,45394.0,17.4,8.75,10.90,670.4,6.8,2.41
318,45394.0,18.0,8.22,9.79,583.9,11.1,1.09
319,45394.0,16.6,8.19,9.28,491.4,12.8,1.03
320,45394.0,13.5,8.57,8.82,1214.8,76.1,3.45
321,45394.0,15.7,8.56,9.90,1303.0,44.0,4.27
322,,,,,,,
323,45394.0,13.1,8.39,10.87,718.6,2.0,1.36
324,45394.0,14.1,8.32,7.72,432.6,6.9,1.28
325,45394.0,12.6,8.34,9.14,417.8,59.6,3.42
326,45394.0,14.4,8.56,9.65,923.2,2.3,0.81
327,45394.0,15.5,8.35,10.61,713.2,19.8,3.19
328,45394.0,13.9,8.53,10.76,1367.7,2.5,1.31
329,45394.0,12.8,8.34,8.68,331.8,64.2,4.51
330,45394.0,15.6,8.27,9.92,625.7,19.4,3.57
331,45394.0,15.6,8.48,9.43,850.3,30.8,1.65
332,45394.0,12.4,8.11,12.94,691.1,2.6,1.01
333,45394.0,13.8,8.32,7.14,692.5,4.0,2.90
334,45394.0,16.0,8.3,8.76,719.8,10.6,2.02
335,45394.0,13.2,7.94,8.92,568.2,6.6,2.00
336,45394.0,15.4,9.08,13.65,2878.3,15.1,5.74
337,45394.0,15.9,8.67,14.32,--,21.5,6.72
338,45394.0,13.4,7.82,10.31,40097.4,102.4,3.80
339,45394.0,15.9,8.46,10.73,2030.7,38.3,5.25
340,45394.0,14.7,8.81,14.70,2481.3,22.3,4.16
341,45394.0,16.1,9.53,28.72,1039.6,12.1,4.95
342,45394.0,16.6,8.43,12.92,1066.7,5.5,4.92
343,45394.0,16.6,8.37,10.73,958.2,5.2,4.31
344,45394.0,17.7,7.89,8.85,966.0,10.3,3.39
345,45394.0,16.2,8.89,18.12,883.0,9.3,3.97
346,45394.0,17.5,8.87,21.68,985.7,1.3,4.74
347,45394.0,18.4,9.07,16.45,1234.6,8.8,4.38
348,45394.0,18.7,8.69,8.31,1399.5,33.2,5.05
349,45394.0,17.5,9.19,9.92,339.9,3.7,1.48
350,45394.0,16.9,7.97,9.45,801.2,5.1,3.83
351,45394.0,17.3,8.22,10.30,650.2,2.5,3.61
352,45394.0,16.6,8.34,10.64,1058.5,2.1,4.02
353,45394.0,16.4,8.76,15.24,982.6,5.6,3.70
354,45394.0,17.4,7.98,9.77,801.9,1.3,3.82
355,45394.0,19.0,8.27,13.85,1246.0,21.5,3.72
356,45394.0,9.7,8.44,11.10,817.9,8.1,1.57
357,45394.0,17.5,8.77,13.81,974.1,42.8,5.62
358,45394.0,14.2,8.38,10.93,585.7,13.2,1.44
359,45394.0,11.6,8.49,9.33,1201.8,10.0,3.44
360,45394.0,13.8,8.38,9.42,803.1,79.1,1.56
361,45394.0,17.8,8.27,10.09,1137.9,12.2,3.96
362,45394.0,17.2,8.18,12.71,1921.7,27.1,4.68
363,45394.0,17.6,8.0,9.22,534.8,22.9,2.80
364,45394.0,18.0,7.9,7.54,2350.0,2.8,4.16
365,45394.0,17.9,8.27,8.91,686.6,16.5,1.77
366,45394.0,16.0,8.42,22.61,754.5,35.2,4.65
367,45394.0,9.0,7.84,10.08,710.6,3.0,2.50
368,45394.0,17.8,8.13,9.59,1057.9,67.1,4.51
369,45394.0,13.6,8.07,10.35,517.3,5.2,2.36
370,45394.0,17.2,8.45,11.10,624.0,39.5,2.92
371,45394.0,18.4,8.53,11.62,811.1,5.6,1.31
372,45394.0,11.2,8.55,11.24,562.5,5.1,1.35
373,45394.0,17.4,8.51,11.65,649.1,42.5,4.85
374,45394.0,14.6,8.04,10.67,700.2,8.4,2.76
375,45394.0,17.7,8.01,8.67,585.8,39.7,0.72
376,45394.0,20.8,8.44,9.21,--,66.2,8.19
377,45394.0,19.2,8.12,8.15,1443.6,100.4,7.26
378,45394.0,17.6,8.59,15.71,725.4,22.0,5.44
379,45394.0,17.0,8.28,10.28,902.9,60.3,1.65
380,45394.0,19.5,8.44,9.34,2816.7,177.9,6.94
381,45394.0,20.9,8.22,7.62,780.2,28.4,1.80
382,45394.0,20.5,8.01,16.28,1875.6,30.3,4.82
383,45394.0,14.3,8.14,8.35,1062.5,29.8,2.73
384,45394.0,12.0,7.96,7.90,772.7,33.9,1.91
385,45394.0,20.3,7.72,6.25,959.7,16.7,3.57
386,45394.0,15.1,8.41,10.31,608.7,4.3,1.85
387,45394.0,13.9,8.23,8.95,490.0,38.3,1.18
388,45394.0,15.6,8.41,7.99,872.6,11.6,1.67
389,45394.0,20.4,8.47,10.31,1628.2,24.5,3.70
390,45394.0,20.0,9.15,8.52,743.2,32.7,2.69
391,45394.0,16.6,8.24,7.08,617.2,23.2,1.93
392,45394.0,18.4,8.41,6.80,579.1,2.3,1.45
393,45394.0,20.6,8.77,8.06,1191.3,6.4,3.48
394,45394.0,17.8,8.87,7.70,721.0,49.4,2.66
395,45394.0,20.2,8.67,7.76,1008.8,16.4,3.08
396,45394.0,9.8,8.22,9.56,591.1,1.2,1.41
397,45394.0,20.3,8.18,9.79,1108.6,29.6,5.19
398,45394.0,14.6,8.42,8.80,1029.5,1030.7,3.40
399,45395.0,15.2,8.22,10.04,1057.0,592.5,2.72
400,45395.0,16.8,8.32,9.77,2005.7,65.2,8.68
401,45395.0,14.7,8.33,9.28,1022.1,350.4,3.05
402,45395.0,3.5,7.42,11.79,98.9,9.7,2.25
403,45395.0,8.8,7.72,12.81,85.6,4.6,2.33
404,45395.0,15.2,8.61,10.21,1066.5,259.8,1.78
405,45395.0,16.4,8.79,12.18,--,22.9,7.58
406,45395.0,14.5,8.71,10.15,864.4,87.6,2.28
407,45395.0,10.4,8.33,8.33,770.0,26.0,1.67
408,45395.0,2.9,6.69,11.51,146.7,16.9,9.06
409,45395.0,12.1,7.67,9.78,321.1,182.8,7.26
410,,,,,,,
411,45395.0,18.1,8.57,9.03,1005.7,133.0,1.71
412,45395.0,13.5,8.71,9.38,870.8,54.5,10.13
413,45395.0,13.9,7.61,8.40,719.6,7.9,5.27
414,45395.0,13.4,8.25,9.13,743.3,10.5,3.57
415,45395.0,14.1,8.17,13.76,796.4,5.9,3.71
416,45395.0,12.7,8.47,10.34,649.9,25.1,7.96
417,45395.0,14.0,8.02,14.39,588.2,0.6,2.20
418,45395.0,13.5,8.05,10.41,285.9,5.6,1.02
419,45395.0,15.2,8.86,13.24,516.7,14.0,3.28
420,45395.0,15.2,8.5,12.95,540.6,21.2,3.54
421,45395.0,12.5,7.96,9.51,795.6,4.5,2.48
422,45395.0,10.5,7.5,11.66,132.2,4.1,2.06
423,45395.0,14.1,9.19,10.88,259.4,4.0,2.02
424,45395.0,16.2,8.63,15.10,792.0,15.5,5.18
425,,,,,,,
426,45395.0,11.4,8.5,11.79,318.1,4.7,1.40
427,45395.0,9.6,8.14,10.99,391.9,1.6,0.93
428,45395.0,13.3,8.74,14.74,672.5,24.1,4.00
429,45395.0,6.9,7.79,14.39,254.0,3.4,1.81
430,45395.0,13.2,8.2,9.42,551.2,15.6,1.53
431,45395.0,14.8,8.23,14.32,533.5,3.6,1.78
432,45395.0,12.0,8.15,10.51,289.8,5.4,1.54
433,45395.0,12.4,7.63,9.01,262.2,4.0,0.97
434,45395.0,10.2,7.83,9.60,294.9,7.8,2.44
435,45395.0,10.4,8.26,10.20,192.8,9.5,1.43
436,45395.0,13.0,8.14,11.50,315.3,11.3,1.22
437,45395.0,12.9,7.79,7.31,526.9,8.5,2.57
438,45395.0,8.7,7.45,10.30,339.4,2.0,0.58
439,45395.0,10.4,8.09,10.46,117.7,8.2,0.56
440,45395.0,8.8,7.52,10.49,152.1,3.8,1.78
441,45395.0,11.0,8.7,11.24,228.1,5.8,1.87
442,45395.0,10.9,7.28,11.17,508.0,1.7,0.34
443,,,,,,,
444,45395.0,13.9,8.32,9.57,869.2,20.9,2.95
445,45395.0,13.2,8.1,10.10,848.2,16.7,3.58
446,45395.0,14.4,8.35,11.14,710.7,20.0,3.04
447,45395.0,14.2,8.37,8.75,423.0,8.5,2.91
448,45395.0,11.7,8.29,8.10,1234.6,17.5,2.50
449,45395.0,6.7,7.45,4.22,1111.9,8.9,4.07
450,45395.0,12.7,8.3,12.34,287.1,4.6,1.01
451,45395.0,16.2,8.18,9.18,844.3,26.2,2.48
452,45395.0,15.1,8.36,8.90,1134.6,10.5,3.35
453,45395.0,17.2,7.37,11.12,855.7,10.2,5.16
454,45395.0,17.9,7.51,7.24,856.8,2.4,5.60
455,45395.0,18.1,7.38,7.24,1187.0,12.0,3.53
456,45395.0,15.4,8.31,11.21,1124.4,18.5,4.32
457,45395.0,18.5,7.34,4.91,904.6,17.1,3.36
458,45395.0,16.4,7.86,5.91,975.9,3.5,2.76
459,45395.0,16.0,7.82,8.48,848.2,9.0,2.96
460,45395.0,16.9,7.96,9.52,1054.1,14.5,4.45
461,45395.0,16.6,7.56,9.08,1225.6,51.0,3.29
462,45395.0,16.4,8.44,8.13,1235.6,15.4,4.72
463,45395.0,16.8,8.26,12.19,1183.9,2.8,4.39
464,45395.0,14.9,8.27,10.10,419.9,6.0,2.54
465,45395.0,14.7,8.08,9.55,806.6,47.6,4.62
466,45395.0,10.7,8.28,11.63,438.1,3.4,2.28
467,45395.0,13.9,8.13,10.36,507.0,11.5,1.31
468,45395.0,14.0,7.93,9.20,605.6,3.1,1.26
469,45395.0,16.0,8.42,13.19,599.2,7.7,2.73
470,45395.0,9.7,8.17,8.94,620.5,6.2,1.62
471,45395.0,16.2,8.17,9.82,866.2,11.3,
472,45395.0,16.6,8.9,13.32,866.5,6.3,3.98
473,45395.0,16.1,8.13,10.46,842.5,3.8,3.05
474,45395.0,16.3,8.93,14.66,1499.9,7.1,4.72
475,45395.0,16.1,8.27,9.80,286.4,1.9,1.54
476,,,,,,,
477,45395.0,15.9,8.08,9.62,288.8,4.8,1.56
478,45395.0,15.2,8.01,11.00,978.4,5.6,5.46
479,45395.0,14.6,8.76,9.36,1012.0,7.0,3.71
480,45395.0,13.8,8.47,11.80,2716.7,15.6,4.45
481,45395.0,14.7,9.08,14.79,26626.8,19.1,11.00
482,45395.0,14.7,8.42,9.86,33898.5,18.5,2.78
483,45395.0,15.9,7.9,7.26,25260.6,141.4,7.66
484,45395.0,14.1,8.31,10.45,1949.8,11.7,5.62
485,45395.0,14.6,8.71,10.86,15961.2,37.0,6.13
486,45395.0,14.6,8.7,13.07,1891.3,15.7,5.55
487,45395.0,13.2,8.4,10.75,550.1,2.0,4.03
488,45395.0,13.9,8.23,8.75,516.8,3.5,2.63
489,45395.0,15.9,8.52,11.29,687.8,4.9,2.01
490,45395.0,16.2,8.2,12.43,846.9,11.3,2.23
491,45395.0,15.7,8.65,11.63,751.5,1.3,
492,45395.0,14.8,8.3,10.12,532.8,6.0,3.23
493,45395.0,17.5,8.38,16.12,635.2,26.2,3.39
494,45395.0,18.6,7.89,8.56,1174.3,10.4,0.58
495,45395.0,17.2,8.04,7.10,976.1,27.7,1.04
496,45395.0,16.8,8.5,10.33,338.7,3.2,1.33
497,45395.0,16.6,8.27,4.65,1317.1,23.3,8.19
498,45395.0,12.6,8.85,14.03,559.4,1.5,2.02
499,45395.0,16.2,8.86,13.72,788.9,13.9,4.59
500,45395.0,14.4,9.54,20.04,917.4,6.6,6.22
501,45395.0,12.4,8.14,10.68,496.4,5.1,1.66
502,45395.0,14.9,8.09,9.86,14168.2,2.9,2.66
503,45395.0,15.8,8.79,20.64,12758.2,4.1,8.36
504,45395.0,10.4,8.35,11.54,469.0,2.1,1.54
505,45395.0,12.6,8.43,11.42,776.0,3.3,2.94
506,45395.0,13.6,7.89,8.46,996.1,24.6,2.94
507,45395.0,13.5,9.11,12.89,2351.8,4.8,5.01
508,45395.0,13.6,8.84,16.67,2008.5,10.3,5.91
509,45395.0,18.2,6.4,6.68,44891.4,11.5,4.94
510,45395.0,13.0,8.53,10.42,630.8,15.2,0.96
511,45395.0,16.5,8.66,10.31,539.4,1.3,0.82
512,45395.0,18.5,8.54,7.07,554.1,41.2,2.64
513,45395.0,18.5,8.32,7.77,1423.1,60.3,6.50
514,45395.0,19.5,8.59,7.99,901.2,34.4,2.99
515,45395.0,18.2,8.22,9.94,779.2,15.1,2.95
516,45395.0,18.3,8.39,13.08,1108.6,12.4,4.30
517,45395.0,16.6,8.71,10.77,674.2,7.2,2.42
518,45395.0,15.8,7.98,8.70,599.4,9.9,1.04
519,45395.0,11.4,8.15,10.78,499.4,12.8,0.91
520,45395.0,13.2,8.54,8.49,1222.0,72.8,3.51
521,45395.0,15.1,8.46,8.47,1303.9,51.1,4.31
522,45395.0,12.2,7.94,7.47,741.7,1.8,1.36
523,45395.0,12.9,8.4,9.80,437.8,6.2,0.92
524,45395.0,10.5,8.37,9.56,425.9,26.8,2.80
525,45395.0,14.1,8.5,9.00,911.8,2.5,0.94
526,45395.0,14.4,8.11,8.36,733.5,19.3,3.27
527,45395.0,13.0,8.41,9.58,1373.1,2.1,1.41
528,45395.0,9.0,8.29,9.55,328.4,57.9,4.51
529,45395.0,14.3,8.14,8.81,651.4,21.9,3.60
530,45395.0,12.1,8.4,9.64,851.5,10.6,1.56
531,45395.0,12.1,8.02,11.36,693.6,2.7,0.96
532,45395.0,11.9,8.1,8.29,703.2,3.6,3.05
533,45395.0,12.3,8.19,8.85,740.1,11.3,2.04
534,45395.0,11.0,7.88,9.82,575.6,5.0,1.94
535,45395.0,15.1,8.98,11.95,2908.8,16.9,5.46
536,45395.0,15.3,8.58,12.85,--,15.8,6.21
537,45395.0,13.5,7.82,10.08,40341.3,61.5,2.54
538,45395.0,15.4,8.4,9.92,2032.8,35.7,5.02
539,45395.0,14.1,8.73,12.80,2439.0,24.2,3.83
540,45395.0,16.3,9.22,20.04,1047.7,10.7,5.00
541,45395.0,16.6,8.4,12.07,1076.9,6.8,4.69
542,45395.0,16.1,8.31,9.67,950.7,5.3,4.29
543,45395.0,16.7,7.78,7.63,980.9,9.1,3.38
544,45395.0,15.1,8.78,15.39,887.1,7.7,3.94
545,45395.0,16.8,7.98,13.54,1015.8,1.4,1.13
546,45395.0,17.8,8.9,13.54,1229.5,10.5,4.25
547,45395.0,18.2,8.61,7.79,1409.6,36.3,5.02
548,45395.0,17.5,9.04,9.58,318.0,5.3,1.53
549,45395.0,16.2,7.86,8.61,788.3,6.6,3.90
550,45395.0,16.9,8.17,9.92,652.0,2.4,3.48
551,45395.0,15.8,8.27,10.33,1062.7,2.6,4.33
552,45395.0,16.3,8.54,10.73,1019.2,5.2,3.48
553,45395.0,16.6,7.98,9.57,791.8,1.2,3.77
554,45395.0,15.9,7.94,9.49,1269.9,19.9,3.79
555,45395.0,8.2,8.39,11.25,822.8,7.7,
556,45395.0,11.6,8.05,9.11,1062.1,41.2,5.29
557,45395.0,12.8,8.22,12.01,595.4,26.6,1.26
558,45395.0,11.2,8.49,9.68,1202.3,7.1,3.40
559,45395.0,9.3,8.4,11.87,797.3,27.3,1.29
560,45395.0,13.5,8.02,8.92,1176.9,15.5,3.51
561,45395.0,13.2,7.8,5.78,1966.5,11.5,4.30
562,45395.0,14.5,7.85,9.01,539.5,36.3,2.32
563,,,,,,,
564,45395.0,17.5,8.22,8.94,688.2,16.5,1.84
565,45395.0,14.8,8.12,10.63,862.1,34.4,4.03
566,45395.0,9.4,7.89,10.31,700.4,2.8,2.37
567,45395.0,16.6,7.93,7.73,1067.4,71.4,4.64
568,45395.0,13.4,8.07,10.27,518.1,2.9,2.18
569,45395.0,13.8,8.06,8.02,639.2,51.1,3.13
570,45395.0,18.2,8.42,9.71,812.3,5.6,1.31
571,45395.0,11.2,8.53,11.19,562.7,5.2,1.35
572,45395.0,14.9,8.41,9.39,673.9,39.0,3.66
573,45395.0,8.5,7.87,9.79,729.0,7.2,2.69
574,45395.0,14.7,8.07,10.23,588.8,23.8,0.62
575,45395.0,16.3,8.17,7.77,--,52.9,7.28
576,45395.0,16.4,8.1,8.59,1386.2,176.2,6.35
577,45395.0,16.3,8.3,10.90,730.3,28.5,5.16
578,45395.0,15.4,8.27,10.17,906.1,50.6,1.55
579,45395.0,19.2,8.16,8.03,2736.6,90.0,5.98
580,45395.0,15.4,8.29,11.00,864.3,17.2,1.55
581,45395.0,18.0,7.92,9.13,1817.4,32.6,4.77
582,45395.0,10.3,8.19,9.74,1081.3,162.5,5.78
583,45395.0,11.3,8.14,8.22,714.7,15.6,1.63
584,45395.0,15.1,7.71,6.17,1069.4,15.1,3.15
585,45395.0,13.2,8.23,10.05,584.1,3.7,1.66
586,45395.0,11.6,8.19,9.82,504.8,31.6,0.89
587,45395.0,12.1,8.31,8.78,864.0,10.7,1.67
588,45395.0,18.5,8.18,8.64,1479.7,59.1,3.44
589,45395.0,16.7,8.76,9.25,791.0,30.3,2.80
590,45395.0,12.8,8.1,6.75,608.1,22.0,1.78
591,45395.0,13.2,8.44,9.67,649.2,1.7,1.50
592,45395.0,15.9,8.54,8.66,1149.1,5.9,3.68
593,45395.0,15.0,8.57,8.68,734.7,41.0,2.55
594,45395.0,17.2,8.16,6.95,1052.6,18.3,3.23
595,45395.0,8.2,8.2,9.56,590.6,1.3,1.29
596,45395.0,17.3,8.03,6.69,1055.8,30.8,4.94
597,45395.0,13.4,8.43,8.78,1039.8,1096.6,3.47
598,45395.0,14.2,8.24,10.12,1051.6,552.5,3.12
599,45396.0,14.8,8.08,7.86,1820.9,44.9,8.36
600,45396.0,14.2,8.31,9.17,1037.7,309.6,2.64
601,45396.0,3.5,7.38,11.70,99.3,8.8,2.08
602,45396.0,7.3,7.33,11.71,84.8,3.5,2.45
603,45396.0,13.1,8.61,9.98,1069.2,239.4,1.89
604,45396.0,14.9,8.69,8.41,--,18.6,7.46
605,45396.0,14.1,8.66,9.94,851.8,103.1,2.15
606,45396.0,6.8,8.45,10.37,798.8,15.1,1.59
607,45396.0,2.7,6.69,11.76,138.3,26.3,10.32
608,45396.0,11.2,7.63,9.91,328.2,206.1,7.72
609,45396.0,12.4,8.6,9.81,986.6,147.7,2.25
610,45396.0,12.6,8.18,9.59,935.5,70.2,9.25
611,45396.0,13.5,7.62,8.60,741.2,7.3,5.36
612,45396.0,13.2,8.06,8.32,745.1,11.4,3.50
613,45396.0,14.0,7.32,11.90,806.7,4.9,3.84
614,45396.0,12.2,8.49,10.25,646.2,25.6,7.23
615,45396.0,12.9,7.62,9.60,581.6,0.5,2.12
616,45396.0,13.0,8.06,10.31,287.7,5.8,1.01
617,45396.0,13.4,8.78,12.04,519.3,14.4,3.35
618,45396.0,12.2,8.06,10.71,559.7,9.3,3.50
619,45396.0,12.7,8.02,9.76,776.2,4.7,2.71
620,45396.0,10.1,7.38,11.30,133.1,6.2,1.87
621,45396.0,12.5,9.05,9.17,261.4,5.7,1.77
622,45396.0,15.3,8.56,14.47,793.4,19.0,4.80
623,45396.0,10.6,7.61,8.71,330.1,3.8,1.45
624,45396.0,9.0,7.84,10.25,399.9,1.6,1.01
625,45396.0,12.8,8.45,10.60,672.7,23.7,4.06
626,45396.0,7.2,7.83,14.34,252.8,3.2,1.92
627,45396.0,13.2,8.41,12.13,548.4,12.1,1.51
628,45396.0,13.8,7.74,9.12,539.1,7.3,2.04
629,45396.0,11.5,7.76,10.04,285.9,4.7,1.55
630,45396.0,10.3,7.45,9.14,275.3,4.4,0.97
631,45396.0,9.6,7.66,8.98,296.4,8.0,2.29
632,45396.0,9.7,7.82,10.05,195.3,8.6,1.51
633,45396.0,12.0,7.9,10.47,304.2,11.0,1.22
634,45396.0,11.6,7.68,7.36,497.9,14.2,2.30
635,45396.0,8.6,7.56,9.62,343.8,1.9,0.70
636,45396.0,9.0,7.42,9.64,115.7,4.9,0.57
637,45396.0,9.0,7.57,10.00,158.5,3.0,1.80
638,45396.0,10.0,8.86,11.18,225.8,4.6,2.15
639,45396.0,10.8,7.09,10.26,506.4,1.6,0.67
640,45396.0,7.8,8.04,10.76,718.8,15.2,2.54
641,45396.0,12.1,8.21,9.07,879.4,19.6,2.95
642,45396.0,11.4,8.0,8.48,805.5,18.6,2.98
643,45396.0,13.4,8.17,9.27,686.8,21.7,2.88
644,45396.0,13.0,8.22,8.65,422.8,12.7,2.87
645,45396.0,11.5,8.28,7.98,1229.7,17.1,2.55
646,45396.0,6.8,7.46,3.81,1062.8,10.5,3.88
647,45396.0,13.1,8.33,12.53,287.2,4.8,1.03
648,45396.0,13.9,7.86,10.10,649.3,14.5,2.90
649,45396.0,8.8,7.87,8.22,602.3,4.8,2.00
650,45396.0,12.4,8.72,10.49,823.6,28.7,2.17
651,45396.0,16.2,8.18,9.18,844.3,26.2,2.33
652,45396.0,15.1,8.36,8.90,1134.6,10.5,3.42
653,45396.0,17.2,7.37,11.12,855.7,10.2,4.89
654,45396.0,17.9,7.51,7.24,856.8,2.4,5.52
655,45396.0,18.1,7.38,7.24,1187.0,12.0,3.38
656,45396.0,15.4,8.31,11.21,1124.4,18.5,3.96
657,45396.0,18.5,7.34,4.91,904.6,17.1,3.56
658,45396.0,16.4,7.86,5.91,975.9,3.5,2.76
659,45396.0,16.0,7.82,8.48,848.2,9.0,2.62
660,45396.0,16.9,7.96,9.52,1054.1,14.5,4.34
661,45396.0,16.6,7.56,9.08,1225.6,51.0,3.38
662,45396.0,16.2,8.34,7.99,1235.9,16.4,4.95
663,45396.0,16.8,8.26,12.19,1183.9,2.8,4.61
664,45396.0,14.9,8.27,10.10,419.9,6.0,2.44
665,45396.0,14.7,8.08,9.55,806.6,47.6,6.19
666,45396.0,10.8,8.28,11.63,438.1,2.5,2.50
667,45396.0,13.9,8.14,10.36,507.0,11.5,1.24
668,45396.0,14.0,7.93,9.20,605.6,3.1,1.07
669,45396.0,16.0,8.42,13.19,599.2,7.7,2.84
670,45396.0,9.7,8.17,8.94,620.5,6.2,1.87
671,45396.0,16.2,8.17,9.82,866.2,11.3,
672,45396.0,16.6,8.9,13.32,866.5,6.3,4.26
673,45396.0,16.1,8.13,10.46,842.5,3.8,3.15
674,45396.0,16.3,8.93,14.66,1499.9,7.1,4.71
675,45396.0,16.1,8.27,9.80,286.4,1.9,1.49
676,,,,,,,
677,45396.0,15.9,8.08,9.62,288.8,4.8,1.71
678,45396.0,15.3,7.75,9.15,993.3,6.8,7.77
679,45396.0,14.6,8.76,9.36,1012.0,7.0,3.81
680,45396.0,13.8,8.47,11.80,2716.7,15.6,5.23
681,45396.0,14.7,9.08,14.79,26626.8,19.1,12.90
682,45396.0,14.7,8.42,9.86,33898.5,18.5,3.22
683,45396.0,15.9,7.9,7.26,25260.6,141.4,6.17
684,45396.0,14.1,8.31,10.45,1949.8,11.7,5.49
685,45396.0,14.6,8.71,10.86,15961.2,37.0,6.71
686,45396.0,14.6,8.7,13.07,1891.3,15.7,6.07
687,45396.0,13.2,8.4,10.75,550.1,2.0,4.03
688,45396.0,13.9,8.23,8.75,516.8,3.5,2.72
689,45396.0,15.9,8.52,11.29,687.8,4.9,2.06
690,45396.0,16.2,8.2,12.43,846.9,11.3,2.24
691,45396.0,15.7,8.65,11.63,751.5,1.3,
692,45396.0,14.8,8.3,10.12,532.8,6.0,3.37
693,45396.0,17.5,8.38,16.12,635.2,26.2,3.22
694,45396.0,18.6,7.89,8.56,1174.3,10.4,0.66
695,45396.0,17.2,8.04,7.10,976.1,27.7,1.24
696,45396.0,16.8,8.5,10.33,338.7,3.2,1.44
697,45396.0,16.6,8.27,4.65,1317.1,23.3,7.44
698,45396.0,12.6,8.85,14.03,559.4,1.5,2.12
699,45396.0,16.2,8.86,13.72,788.9,13.9,4.91
700,45396.0,14.4,9.54,20.04,917.4,6.6,5.91
701,45396.0,12.4,8.14,10.68,496.4,5.1,1.70
702,45396.0,14.9,8.09,9.86,14168.2,2.9,2.36
703,45396.0,15.8,8.79,20.64,12758.2,4.1,8.32
704,45396.0,10.4,8.35,11.54,469.0,2.1,1.74
705,45396.0,12.6,8.43,11.42,776.0,3.3,3.19
706,45396.0,13.6,7.89,8.46,996.1,24.6,3.01
707,45396.0,13.5,9.11,12.89,2351.8,4.8,5.02
708,45396.0,13.6,8.84,16.67,2008.5,10.3,5.90
709,45396.0,18.2,6.4,6.68,44891.4,11.5,4.96
710,45396.0,13.0,8.53,10.42,630.8,15.2,0.93
711,45396.0,16.5,8.66,10.31,539.4,1.3,1.40
712,45396.0,18.5,8.54,7.07,554.1,41.2,2.48
713,45396.0,18.5,8.32,7.77,1423.1,60.3,5.93
714,45396.0,19.5,8.59,7.99,901.2,34.4,2.89
715,45396.0,18.2,8.22,9.94,779.2,15.1,2.88
716,45396.0,18.3,8.39,13.08,1108.6,12.4,4.24
717,45396.0,16.6,8.71,10.77,674.2,7.2,2.63
718,45396.0,15.8,7.98,8.70,599.4,9.9,1.09
719,45396.0,11.4,8.15,10.78,499.4,12.8,0.85
720,45396.0,13.2,8.54,8.49,1222.0,72.8,3.41
721,45396.0,14.4,8.44,8.49,1303.4,51.3,4.43
722,45396.0,12.2,7.94,7.47,741.7,1.8,1.49
723,45396.0,12.9,8.4,9.80,437.8,6.2,0.90
724,45396.0,10.5,8.37,9.56,425.9,26.8,2.97
725,45396.0,14.1,8.5,9.00,911.8,2.5,0.96
726,45396.0,14.4,8.11,8.36,733.5,19.3,3.21
727,45396.0,13.0,8.41,9.58,1373.1,2.1,1.43
728,45396.0,9.0,8.29,9.55,328.4,57.9,5.17
729,45396.0,14.3,8.14,8.81,651.4,21.9,3.81
730,45396.0,12.1,8.4,9.64,851.5,10.6,1.55
731,45396.0,12.1,8.02,11.36,693.6,2.7,0.95
732,45396.0,11.9,8.1,8.29,703.2,3.6,2.90
733,45396.0,12.3,8.19,8.85,740.1,11.3,2.12
734,45396.0,11.0,7.88,9.82,575.6,5.0,2.11
735,45396.0,15.1,8.98,11.95,2908.8,16.9,5.61
736,45396.0,15.3,8.58,12.85,--,15.8,6.38
737,45396.0,13.5,7.82,10.08,40341.3,61.5,3.43
738,45396.0,15.4,8.4,9.92,2032.8,35.7,4.92
739,45396.0,14.1,8.73,12.80,2439.0,24.2,4.02
740,45396.0,16.3,9.22,20.04,1047.7,10.7,5.01
741,45396.0,16.6,8.4,12.07,1076.9,6.8,5.01
742,45396.0,16.1,8.31,9.67,950.7,5.3,4.33
743,45396.0,16.7,7.78,7.63,980.9,9.1,3.33
744,45396.0,15.1,8.78,15.39,887.1,7.7,4.01
745,45396.0,16.8,7.98,13.54,1015.8,1.4,5.10
746,45396.0,17.8,8.9,13.54,1229.5,10.5,4.50
747,45396.0,18.2,8.61,7.79,1409.6,36.3,4.92
748,45396.0,17.5,9.04,9.58,318.0,5.3,1.60
749,45396.0,16.2,7.86,8.61,788.3,6.6,3.90
750,45396.0,16.9,8.17,9.92,652.0,2.4,3.48
751,45396.0,15.8,8.27,10.33,1062.7,2.6,4.33
752,45396.0,16.3,8.54,10.73,1019.2,5.2,3.82
753,45396.0,16.6,7.98,9.57,791.8,1.2,3.77
754,45396.0,15.9,7.94,9.49,1269.9,19.9,3.87
755,45396.0,8.2,8.39,11.25,822.8,7.7,1.66
756,45396.0,11.6,8.05,9.11,1062.1,41.2,5.72
757,45396.0,12.8,8.22,12.01,595.4,26.6,1.76
758,45396.0,11.2,8.49,9.68,1202.3,7.1,3.48
759,45396.0,9.3,8.4,11.87,797.3,27.3,1.15
760,45396.0,13.5,8.02,8.92,1176.9,15.5,3.61
761,45396.0,13.2,7.8,5.78,1966.5,11.5,4.20
762,45396.0,14.5,7.85,9.01,539.5,36.3,2.28
763,,,,,,,
764,45396.0,17.5,8.22,8.94,688.2,16.5,1.77
765,45396.0,14.8,8.12,10.63,862.1,34.4,3.89
766,45396.0,9.4,7.89,10.31,700.4,2.8,2.52
767,45396.0,16.6,7.93,7.73,1067.4,71.4,4.56
768,45396.0,13.4,8.07,10.27,518.1,2.9,2.28
769,45396.0,13.8,8.06,8.02,639.2,51.1,3.01
770,45396.0,18.2,8.42,9.71,812.3,5.6,1.93
771,45396.0,11.1,8.54,11.38,562.3,5.2,1.36
772,45396.0,14.9,8.41,9.39,673.9,39.0,3.92
773,45396.0,8.5,7.87,9.79,729.0,7.2,2.64
774,45396.0,14.7,8.07,10.23,588.8,23.8,0.63
775,45396.0,16.3,8.17,7.77,--,52.9,7.46
776,45396.0,16.4,8.1,8.59,1386.2,176.2,6.64
777,45396.0,16.3,8.3,10.90,730.3,28.5,5.23
778,45396.0,15.4,8.27,10.17,906.1,50.6,1.43
779,45396.0,19.2,8.16,8.03,2736.6,90.0,5.78
780,45396.0,15.4,8.29,11.00,864.3,17.2,1.42
781,45396.0,18.0,7.92,9.13,1817.4,32.6,5.77
782,45396.0,10.3,8.19,9.74,1081.3,162.5,7.55
783,45396.0,11.3,8.14,8.22,714.7,15.6,1.34
784,45396.0,15.1,7.71,6.17,1069.4,15.1,3.34
785,45396.0,13.2,8.23,10.05,584.1,3.7,1.80
786,45396.0,11.6,8.19,9.82,504.8,31.6,0.95
787,45396.0,12.1,8.31,8.78,864.0,10.7,1.88
788,45396.0,18.5,8.18,8.64,1479.7,59.1,3.76
789,45396.0,16.7,8.76,9.25,791.0,30.3,2.75
790,45396.0,12.8,8.1,6.75,608.1,22.0,1.83
791,45396.0,13.2,8.44,9.67,649.2,1.7,1.41
792,45396.0,15.9,8.54,8.66,1149.1,5.9,3.68
793,45396.0,15.0,8.57,8.68,734.7,41.0,2.37
794,45396.0,17.2,8.16,6.95,1052.6,18.3,3.22
795,45396.0,8.2,8.2,9.56,590.6,1.3,1.42
796,45396.0,17.3,8.03,6.69,1055.8,30.8,5.04
797,45396.0,13.4,8.43,8.78,1039.8,1096.6,3.47
798,45396.0,14.2,8.24,10.12,1051.6,552.5,3.12
799,45397.0,14.8,8.08,7.86,1820.9,44.9,7.81
800,45397.0,14.2,8.31,9.17,1037.7,309.6,2.96
801,45397.0,3.5,7.38,11.70,99.3,8.8,2.06
802,45397.0,7.3,7.33,11.71,84.8,3.5,2.90
803,45397.0,13.1,8.61,9.98,1069.2,239.4,1.90
804,45397.0,14.9,8.69,8.41,--,18.6,7.49
805,45397.0,14.1,8.66,9.94,851.8,103.1,2.19
806,45397.0,6.8,8.45,10.37,798.8,15.1,1.48
807,45397.0,2.7,6.69,11.76,138.3,26.3,11.58
808,45397.0,11.2,7.63,9.91,328.2,206.1,7.81
809,45397.0,12.4,8.6,9.81,986.6,147.7,2.50
810,45397.0,14.8,7.93,8.46,936.5,44.6,8.86
811,45397.0,13.5,7.62,8.60,741.2,7.3,5.57
812,45397.0,13.2,7.96,8.03,757.9,13.8,3.35
813,45397.0,14.0,7.32,11.90,806.7,4.9,2.79
814,45397.0,12.2,8.49,10.25,646.2,25.6,7.34
815,45397.0,12.9,7.62,9.60,581.6,0.5,2.59
816,45397.0,13.0,8.06,10.31,287.7,5.8,1.00
817,45397.0,13.4,8.78,12.04,519.3,14.4,3.38
818,45397.0,12.2,8.06,10.71,559.7,9.3,3.54
819,45397.0,12.7,8.02,9.76,776.2,4.7,2.74
820,45397.0,10.1,7.38,11.30,133.1,6.2,2.00
821,45397.0,12.5,9.05,9.17,261.4,5.7,1.75
822,45397.0,15.3,8.56,14.47,793.4,19.0,5.46
823,45397.0,13.4,8.44,9.63,763.9,9.5,4.00
824,45397.0,10.6,7.61,8.71,330.1,3.8,1.44
825,45397.0,9.0,7.84,10.25,399.9,1.6,0.93
826,45397.0,12.8,8.45,10.60,672.7,23.7,3.80
827,45397.0,7.1,7.56,14.38,252.8,3.0,2.05
828,45397.0,13.2,8.41,12.13,548.4,12.1,1.64
829,45397.0,13.9,7.74,9.04,543.3,6.1,2.02
830,45397.0,12.2,8.25,12.83,283.1,5.0,1.55
831,45397.0,12.2,7.77,10.83,263.2,4.5,1.20
832,45397.0,10.8,8.47,11.59,293.9,7.8,2.27
833,45397.0,9.7,7.82,10.05,195.3,8.6,1.51
834,45397.0,12.0,8.0,11.28,302.9,10.8,0.97
835,45397.0,11.6,7.72,7.93,476.8,7.5,2.29
836,45397.0,8.6,7.56,9.62,343.8,1.9,0.54
837,45397.0,8.9,7.43,9.89,114.9,4.7,0.57
838,45397.0,8.7,7.47,9.99,166.0,2.8,1.54
839,45397.0,10.1,8.94,11.71,223.8,5.8,2.15
840,45397.0,10.9,7.13,10.82,506.0,1.8,0.67
841,45397.0,7.8,8.04,10.76,718.8,15.2,2.23
842,45397.0,11.6,8.19,9.65,881.9,17.0,2.97
843,45397.0,11.4,8.0,8.48,805.5,18.6,3.01
844,45397.0,13.4,8.17,9.27,686.8,21.7,2.94
845,45397.0,13.0,8.22,8.65,422.8,12.7,3.34
846,45397.0,11.4,8.29,8.02,1220.1,21.1,2.50
847,45397.0,6.8,7.45,4.35,1054.4,10.5,3.86
848,45397.0,13.1,8.33,12.53,287.2,4.8,1.02
849,45397.0,13.9,7.85,10.16,649.7,15.1,2.90
850,45397.0,8.8,7.87,8.22,602.3,4.8,2.00
851,45397.0,17.2,8.24,9.99,891.6,14.6,2.50
852,45397.0,16.6,8.56,11.02,1128.3,11.3,3.41
853,45397.0,17.6,7.29,11.16,872.6,10.8,5.34
854,45397.0,18.7,8.18,10.04,881.6,2.6,5.27
855,45397.0,19.7,7.74,10.98,1191.8,12.0,3.51
856,45397.0,17.0,8.35,12.23,1119.1,20.3,3.84
857,45397.0,20.1,7.66,8.64,908.6,8.3,3.36
858,45397.0,17.8,8.53,13.08,1055.8,5.5,2.91
859,45397.0,16.8,7.75,8.55,1015.3,25.4,3.36
860,45397.0,19.1,8.22,11.78,1029.4,13.5,4.42
861,45397.0,17.7,7.69,11.09,1210.9,34.4,3.35
862,45397.0,22.3,8.95,19.34,1207.5,11.4,4.97
863,45397.0,19.6,9.09,17.14,1163.6,4.1,4.94
864,45397.0,17.3,8.32,10.77,422.5,3.2,2.51
865,45397.0,17.6,8.1,9.41,842.4,31.2,5.18
866,45397.0,11.2,8.3,12.04,436.8,3.9,2.48
867,45397.0,14.0,8.11,10.16,501.3,15.7,1.34
868,45397.0,19.3,8.23,13.89,574.8,4.3,1.37
869,45397.0,17.4,8.53,14.21,586.8,8.0,2.88
870,45397.0,15.4,8.29,9.77,587.4,4.6,1.29
871,45397.0,17.4,8.18,9.69,1100.0,11.3,
872,45397.0,18.0,9.06,12.44,852.8,7.9,4.62
873,45397.0,18.6,8.78,23.23,786.9,3.9,3.29
874,45397.0,17.4,9.04,17.00,1366.2,5.8,4.53
875,45397.0,17.1,8.33,9.46,282.2,1.3,1.58
876,45397.0,17.8,9.01,20.03,--,8.9,5.75
877,45397.0,16.1,8.13,9.92,286.7,5.4,1.52
878,45397.0,18.3,8.14,12.14,971.8,0.9,5.63
879,45397.0,16.0,8.81,9.52,1005.9,6.8,3.81
880,45397.0,16.2,8.33,12.48,23.9,14.4,5.02
881,45397.0,16.9,9.16,16.80,26678.0,20.0,12.50
882,45397.0,18.0,8.42,9.12,21673.6,17.7,3.95
883,45397.0,19.3,7.73,6.99,35486.0,446.7,6.51
884,45397.0,14.2,7.75,5.51,2288.4,9.3,5.32
885,45397.0,17.1,8.9,19.84,15937.0,47.0,8.57
886,45397.0,15.8,8.82,13.06,1849.2,22.6,6.16
887,45397.0,15.2,8.4,10.83,550.6,2.4,3.63
888,45397.0,15.4,8.28,9.11,515.2,2.8,2.76
889,45397.0,18.9,8.69,11.62,652.8,5.1,2.22
890,45397.0,17.2,8.29,10.36,831.0,13.9,2.44
891,45397.0,17.9,8.77,12.62,744.7,1.5,1.45
892,45397.0,17.0,8.93,19.12,511.2,4.4,3.47
893,45397.0,19.0,8.45,23.85,627.1,28.0,4.20
894,45397.0,19.3,7.9,8.64,1161.0,11.1,0.68
895,45397.0,19.5,8.25,10.73,950.9,23.5,1.03
896,45397.0,18.2,8.47,10.32,501.8,4.3,1.52
897,45397.0,17.9,8.26,5.77,1355.4,18.5,7.14
898,45397.0,12.2,8.89,14.65,558.7,1.9,2.03
899,45397.0,20.6,9.06,14.05,782.6,10.6,4.69
900,45397.0,14.7,9.46,19.00,924.2,3.5,6.73
901,45397.0,13.4,8.22,11.45,494.3,4.8,1.35
902,45397.0,19.9,8.24,11.17,8880.4,4.3,2.46
903,45397.0,17.4,9.02,28.24,12532.4,5.2,8.39
904,45397.0,12.0,8.6,13.50,460.9,1.8,2.01
905,45397.0,13.9,8.44,12.02,778.1,2.7,2.95
906,45397.0,17.9,8.21,12.43,964.0,17.5,3.49
907,45397.0,15.6,9.21,14.69,2313.3,6.6,4.97
908,45397.0,16.9,8.93,16.83,2142.0,11.2,6.21
909,45397.0,19.3,6.47,7.81,43897.2,7.7,5.36
910,45397.0,19.9,8.65,10.93,580.0,20.1,0.93
911,45397.0,17.5,8.67,10.35,533.1,2.9,0.94
912,45397.0,20.3,8.76,9.86,553.8,45.8,2.61
913,45397.0,20.5,8.98,11.39,947.7,56.2,5.72
914,45397.0,21.4,8.68,9.26,942.5,22.9,3.26
915,45397.0,19.5,8.19,9.69,763.9,17.4,2.85
916,45397.0,20.7,8.43,14.47,1091.3,12.3,4.37
917,45397.0,19.0,8.78,12.86,661.7,10.6,2.62
918,45397.0,20.1,8.26,11.51,579.2,9.7,1.14
919,45397.0,18.3,8.27,9.19,485.4,60.2,0.91
920,45397.0,15.6,8.57,9.01,1214.5,70.6,3.54
921,45397.0,16.9,8.53,9.78,1302.0,44.2,
922,45397.0,14.8,8.62,13.98,719.0,2.2,1.36
923,45397.0,18.4,8.61,9.60,412.3,8.0,1.19
924,45397.0,15.3,8.62,9.14,0.4,0.6,0.74
925,45397.0,17.6,8.55,10.15,913.8,2.5,1.01
926,45397.0,17.6,8.4,11.84,723.2,8.8,3.33
927,45397.0,16.0,8.7,13.32,1352.5,2.7,1.43
928,45397.0,16.3,8.3,8.51,333.3,17.7,3.80
929,45397.0,17.8,8.35,11.96,643.6,16.0,4.11
930,45397.0,19.2,8.49,16.92,820.3,24.5,1.86
931,45397.0,14.7,8.23,16.30,683.9,2.2,1.18
932,45397.0,19.1,8.95,16.31,657.1,4.2,3.33
933,45397.0,19.4,8.4,12.01,711.4,9.7,2.12
934,45397.0,17.4,8.56,11.43,554.3,8.2,2.64
935,45397.0,17.1,9.01,12.20,2880.7,24.8,5.98
936,45397.0,17.5,8.66,13.34,--,18.2,6.95
937,45397.0,15.8,8.18,8.54,28900.4,25.4,3.64
938,45397.0,16.6,8.41,10.00,2034.4,44.4,5.11
939,45397.0,15.7,8.76,13.28,2442.1,23.4,3.77
940,45397.0,18.3,9.37,24.44,1053.9,7.7,5.14
941,45397.0,18.2,8.56,13.97,1048.5,5.5,5.12
942,45397.0,17.4,8.41,12.04,973.3,4.6,4.33
943,45397.0,19.3,7.92,9.54,991.2,12.0,3.25
944,45397.0,17.3,8.89,18.97,874.9,6.8,4.06
945,45397.0,18.4,8.79,22.52,979.3,1.7,1.17
946,45397.0,19.8,9.28,21.63,1226.8,9.5,5.10
947,45397.0,20.0,8.65,8.12,1398.7,32.6,4.96
948,45397.0,18.8,9.13,9.73,303.4,4.2,1.67
949,45397.0,18.7,7.99,9.78,832.8,7.4,3.99
950,45397.0,18.7,8.3,10.62,646.9,2.4,3.82
951,45397.0,17.5,8.33,10.92,1058.0,2.6,4.08
952,45397.0,17.3,8.63,11.81,944.8,5.4,3.62
953,45397.0,18.6,8.03,9.96,812.1,1.2,3.68
954,45397.0,20.2,8.4,23.84,1269.2,26.5,3.87
955,45397.0,11.3,8.49,11.79,812.4,8.0,1.62
956,45397.0,18.3,8.85,19.76,1023.5,28.4,5.19
957,45397.0,16.3,8.45,13.06,579.6,33.8,1.79
958,45397.0,12.4,8.54,9.49,1198.1,8.7,3.54
959,45397.0,19.9,8.49,10.40,789.5,179.6,2.15
960,45397.0,22.8,8.47,18.35,1156.9,15.8,4.29
961,45397.0,18.9,8.24,16.34,1939.9,22.8,4.64
962,45397.0,20.3,8.12,10.76,532.2,35.1,2.57
963,45397.0,21.1,8.04,13.71,2338.4,4.6,4.02
964,45397.0,18.8,8.3,9.12,681.1,16.2,1.90
965,45397.0,15.4,8.3,15.05,838.6,38.5,3.54
966,45397.0,10.7,7.92,10.92,697.0,2.7,2.54
967,45397.0,18.5,8.18,11.12,1036.0,20.4,8.84
968,45397.0,13.9,8.1,10.43,516.4,3.2,2.26
969,45397.0,17.8,8.34,10.48,628.5,39.1,3.24
970,45397.0,19.1,8.29,9.06,814.8,5.8,1.50
971,45397.0,11.9,8.55,11.43,560.7,5.2,1.21
972,45397.0,20.1,8.64,12.45,648.8,43.5,4.81
973,45397.0,16.9,8.47,21.89,679.0,8.3,2.44
974,45397.0,19.3,8.1,9.83,580.3,25.3,0.71
975,45397.0,23.2,8.48,12.00,--,51.7,8.38
976,45397.0,20.8,8.18,7.99,7.3,0.6,8.04
977,45397.0,19.4,8.4,13.01,727.2,33.5,5.41
978,45397.0,21.4,8.26,10.19,904.9,47.0,1.55
979,45397.0,20.1,8.24,8.70,2723.5,351.2,6.85
980,45397.0,24.3,8.68,15.43,774.5,30.5,1.72
981,45397.0,23.5,8.59,25.84,2227.6,34.8,9.53
982,45397.0,18.9,8.19,9.56,1034.5,32.1,2.94
983,45397.0,12.4,8.19,7.13,728.1,13.0,1.42
984,45397.0,21.8,8.09,10.51,1094.6,19.4,3.45
985,45397.0,17.8,8.72,15.24,567.4,4.7,2.03
986,45397.0,15.8,8.34,9.13,486.5,29.4,0.89
987,45397.0,16.4,8.69,12.59,855.9,9.6,2.07
988,45397.0,22.5,8.55,11.16,1593.2,25.4,3.83
989,45397.0,22.1,9.25,17.81,751.1,27.6,
990,45397.0,18.6,8.64,11.43,578.1,19.5,1.64
991,45397.0,25.0,8.74,14.04,620.7,1.9,1.59
992,45397.0,15.9,8.54,8.66,1149.1,5.9,3.68
993,45397.0,20.7,9.06,11.51,761.1,37.1,2.52
994,45397.0,21.9,8.83,10.60,1018.0,15.3,2.60
995,45397.0,10.1,8.29,10.20,585.3,2.9,1.57
996,45397.0,21.6,8.08,8.76,1169.5,29.8,5.27
997,45397.0,15.2,8.42,8.76,1011.1,1041.0,3.21
998,45397.0,16.1,8.21,9.92,1060.0,521.5,3.11
999,45398.0,15.8,8.23,9.25,1996.5,57.4,8.87
1000,45398.0,16.3,8.32,9.22,1073.3,364.1,3.01
1001,45398.0,3.5,7.46,11.82,95.0,8.8,1.97
1002,45398.0,9.2,7.75,13.13,82.9,4.3,2.50
1003,45398.0,16.8,8.59,10.81,1068.4,236.8,1.89
1004,45398.0,17.0,8.75,12.48,--,17.2,7.49
1005,45398.0,15.7,8.67,10.13,842.9,86.5,2.28
1006,45398.0,17.6,8.49,9.32,772.6,25.4,2.07
1007,45398.0,2.4,6.55,11.37,126.5,101.4,11.58
1008,45398.0,12.8,7.68,9.71,337.6,193.4,7.09
1009,45398.0,20.9,8.55,9.38,1004.8,140.0,2.15
1010,45398.0,19.6,8.19,10.34,972.6,51.5,11.31
1011,45398.0,15.2,7.68,9.77,739.6,8.9,5.06
1012,45398.0,14.0,8.03,8.57,708.5,13.8,3.68
1013,45398.0,14.0,8.09,12.94,798.5,6.6,3.81
1014,45398.0,14.0,8.6,9.62,616.8,28.9,8.02
1015,45398.0,14.4,8.77,8.84,579.6,81.0,8.04
1016,45398.0,14.2,8.02,13.50,580.0,0.6,2.24
1017,45398.0,13.9,8.09,10.52,286.7,5.5,1.02
1018,45398.0,16.1,8.8,13.53,506.7,18.6,3.34
1019,45398.0,19.0,8.72,13.20,531.0,32.0,3.80
1020,45398.0,12.7,7.96,9.40,816.4,4.2,2.24
1021,45398.0,11.0,7.57,12.10,132.3,3.3,1.93
1022,45398.0,13.8,9.08,10.48,261.2,5.3,1.50
1023,45398.0,17.7,8.94,17.46,778.9,18.8,6.03
1024,45398.0,13.4,8.44,9.63,763.9,9.5,4.00
1025,45398.0,12.0,8.04,11.95,323.8,3.6,1.44
1026,45398.0,11.2,8.62,14.90,389.9,2.0,1.06
1027,45398.0,15.8,8.8,13.49,653.3,59.4,4.41
1028,45398.0,6.7,7.5,14.24,253.7,3.7,1.69
1029,45398.0,14.5,8.54,13.20,546.4,11.7,1.56
1030,45398.0,15.5,8.16,13.97,534.0,3.5,1.96
1031,45398.0,13.9,8.92,13.45,285.9,6.4,0.79
1032,45398.0,14.7,8.42,10.50,252.2,5.5,1.40
1033,45398.0,12.8,8.86,12.20,290.6,7.5,2.47
1034,45398.0,12.7,9.1,12.40,190.8,8.3,1.59
1035,45398.0,15.8,8.36,12.08,299.2,10.5,0.98
1036,45398.0,14.6,8.24,10.65,465.2,6.5,2.28
1037,45398.0,11.3,8.34,14.54,333.8,2.0,0.81
1038,45398.0,11.2,8.43,10.81,114.7,17.3,0.56
1039,45398.0,9.4,7.57,10.26,159.3,3.1,1.54
1040,45398.0,12.0,9.05,12.68,218.1,9.7,1.70
1041,45398.0,12.4,7.3,11.98,506.4,2.3,0.39
1042,45398.0,11.6,8.12,11.47,705.6,16.8,2.26
1043,45398.0,15.6,8.35,9.38,882.8,23.0,2.91
1044,45398.0,12.6,8.06,10.04,812.6,21.6,3.71
1045,45398.0,14.4,8.31,9.81,681.2,19.0,2.99
1046,45398.0,16.2,8.43,10.61,426.5,8.8,3.42
1047,45398.0,12.0,8.37,8.32,1207.4,20.3,2.37
1048,45398.0,7.0,7.46,4.75,1071.6,10.1,3.73
1049,45398.0,12.5,7.95,9.94,6014.7,189.1,5.92
1050,45398.0,15.9,8.67,12.52,286.4,4.8,1.02
1051,45398.0,16.1,7.9,9.55,245.8,5.3,2.06
1052,45398.0,16.4,8.04,10.3,251.6,6.2,2.06
1053,45398.0,16.4,8.19,11.19,248.5,8.5,2.06
1054,45398.0,16.1,8.06,10.5,249,6.9,2.2
1055,45398.0,16.0,7.84,9.4,250.3,5.7,2.16
1056,45398.0,16.0,7.85,9.34,246.3,4.7,2.16
1057,45398.0,16.0,7.89,9.48,245.6,5.0,2.05
1058,45398.0,16.0,8.02,10.18,247.2,6.7,1.9
1059,45398.0,16.1,8.2,11.02,243.6,12.7,1.98
1060,45398.0,15.9,8.12,10.52,244.4,6.5,2.11
1061,45398.0,15.8,7.88,9.41,247.4,5.2,2.12
1062,45398.0,15.8,7.82,9.19,246,4.7,2.12
1063,45398.0,15.6,7.88,9.34,246.2,4.9,1.96
1064,45398.0,16.1,7.98,10.15,248.7,15.6,1.92
1065,45398.0,16.8,8.17,11.22,247.8,15.8,2.39
1066,45398.0,16.5,8.03,10.58,246.2,8.9,2.42
1067,45398.0,16.0,7.76,9.3,249.4,4.6,2.26
1068,45398.0,15.7,7.71,9.06,248.3,5.0,2.26
1069,45398.0,15.7,7.71,9.06,248.3,5.0,--
1070,45398.0,15.6,7.78,9.4,247.8,4.8,2.01
1071,45398.0,16.8,8.09,11.52,244.8,16.4,2.36
1072,45398.0,16.5,7.94,10.7,246.6,8.8,2.32
1073,45398.0,16.0,7.69,9.46,245.1,5.8,2.15
1074,45398.0,15.9,7.63,9.13,246.1,5.2,2.15
1075,45398.0,15.7,7.68,9.31,247.2,6.0,1.91
1076,45398.0,16.1,7.87,10.49,249.2,14.8,1.91
1077,45398.0,16.2,8.09,11.5,242.8,14.0,2.55
1078,45398.0,15.8,7.98,10.58,257.3,8.0,2.25
1079,45398.0,17.4,7.43,4.96,1226.8,3.1,4.04
1080,45398.0,17.9,7.72,6.94,1224.6,2.4,3.84
1081,45398.0,17.9,7.72,6.94,1224.6,2.4,3.84
1082,45398.0,18.4,7.9,7.34,1218.3,3.6,3.97
1083,45398.0,18.3,7.69,6.17,1226,3.1,4.15
1084,45398.0,17.9,7.47,4.89,1233.8,3.0,4.11
1085,45398.0,17.8,7.42,4.6,1229.3,3.8,4.01
1086,45398.0,17.6,7.43,4.94,1222.7,3.6,3.55
1087,45398.0,17.9,7.63,6.21,1212.7,2.7,3.79
1088,45398.0,18.4,7.92,7.28,1202.2,2.6,3.81
1089,45398.0,18.4,7.76,6.34,1198.8,3.0,3.84
1090,45398.0,18.0,7.53,5.27,1197.1,3.2,3.83
1091,45398.0,17.6,7.44,4.71,1197,3.7,3.97
1092,45398.0,17.3,7.48,5.3,1197.7,2.9,--
1093,45398.0,17.9,7.91,7.52,1194.9,2.5,--
1094,45398.0,19.3,8.21,7.9,1182.5,2.6,3.69
1095,45398.0,19.3,7.92,6.78,1184.1,3.3,3.68
1096,45398.0,18.2,7.54,5.4,1185.7,3.4,3.78
1097,45398.0,17.2,7.43,4.7,1190.2,3.5,--
1098,45398.0,16.8,7.49,5.34,1194,2.8,--
1099,45398.0,19.5,8.19,8.05,1176.3,2.7,3.72
1100,45398.0,19.5,7.91,6.73,1179.4,3.7,3.95
1101,45398.0,18.2,7.55,5.31,1185.6,3.5,3.88
1102,45398.0,17.2,7.43,4.74,1188.5,3.9,3.88
1103,45398.0,16.9,7.48,5.34,1190.3,2.9,4.04
1104,45398.0,17.6,7.86,7.05,1184.6,2.3,3.75
1105,45398.0,18.3,8.08,8,1181.3,2.7,3.68
1106,45398.0,18.3,7.82,6.73,1177.7,3.3,3.93
1107,45398.0,14.6,7.75,5.7,731.2,36.4,5.54
1108,45398.0,14.5,7.73,5.5,730.9,35.3,5.67
1109,45398.0,14.7,7.8,6.73,730.8,25.4,5.67
1110,45398.0,14.5,7.74,5.63,728.8,24.4,5.62
1111,45398.0,14.7,7.79,6.69,727.6,22.4,5.81
1112,45398.0,14.8,7.83,6.93,727.8,13.9,5.81
1113,45398.0,14.7,7.8,6.54,727.6,18.2,5.43
1114,45398.0,14.8,7.78,6.41,725.2,33.2,5.4
1115,45398.0,14.7,7.71,5.18,724.2,23.5,5.56
1116,45398.0,14.9,7.74,5.72,726.1,17.9,5.26
1117,45398.0,15.2,7.77,6.35,726.4,22.1,5.3
1118,45398.0,15.0,7.74,5.95,727,13.7,5.3
1119,45398.0,14.8,7.71,5.44,727.3,16.7,5.13
1120,45398.0,14.8,7.69,5.03,724,14.6,5.09
1121,45398.0,15.0,7.75,5.94,725.7,12.9,4.93
1122,45398.0,15.2,7.73,6.07,729,13.7,4.93
1123,45398.0,15.1,7.74,5.93,739.6,12.0,5.18
1124,45398.0,14.9,7.73,5.8,745.7,11.6,5.18
1125,45398.0,14.9,7.73,5.8,745.7,11.6,--
1126,45398.0,14.8,7.72,5.63,750.4,12.4,4.96
1127,45398.0,15.2,7.74,5.96,750,12.9,4.97
1128,45398.0,15.0,7.68,5.04,749.4,12.6,4.96
1129,45398.0,14.9,7.65,4.48,750.9,14.4,4.91
1130,45398.0,14.8,7.75,5.98,763.2,10.6,4.91
1131,45398.0,14.5,7.72,5.68,765.1,10.7,4.9
1132,45398.0,15.0,7.78,6.96,769.7,31.8,5.11
1133,45398.0,15.7,7.88,7.81,773.3,14.4,5.3
1134,45398.0,15.3,7.79,6.73,772.5,13.1,5.08
1135,45398.0,12.8,8.6,11.38,13527.5,10.9,7.17
1136,45398.0,14.3,8.67,11.59,13087.1,13.0,8.23
1137,45398.0,14.1,8.61,11.15,13035.2,12.8,8.23
1138,45398.0,13.5,8.63,11.7,13562.9,14.3,8.18
1139,45398.0,13.2,8.63,11.48,13613.2,11.8,8.08
1140,45398.0,13.1,8.62,11.57,13613.4,13.9,8.08
1141,45398.0,13.1,8.65,11.85,13430.2,13.8,7.56
1142,45398.0,13.4,8.68,12.3,13233.8,15.5,8.14
1143,45398.0,14.5,8.81,12.93,12376.9,18.4,8.44
1144,45398.0,14.2,8.74,12.05,12002.8,16.0,9.64
1145,45398.0,14.2,8.75,12.19,11882.6,17.0,8.43
1146,45398.0,14.0,8.8,12.83,11522.4,18.2,8.43
1147,45398.0,14.0,8.72,12.09,11441.8,18.4,8.63
1148,45398.0,14.2,8.75,12.42,11593.2,18.9,8.23
1149,45398.0,14.8,8.82,12.84,11402.4,21.1,8.88
1150,45398.0,14.7,8.8,12.09,11688.3,22.3,8.86
1151,45398.0,14.2,8.75,11.81,11777.9,22.3,8.98
1152,45398.0,13.8,8.78,11.71,11523,23.5,8.98
1153,45398.0,13.8,8.78,11.71,11523,23.5,9.07
1154,45398.0,13.8,8.79,12.13,11531.1,23.9,9.08
1155,45398.0,17.2,8.81,11.95,11230,31.8,10.38
1156,45398.0,16.1,8.81,12.46,11286,28.4,10.27
1157,45398.0,15.8,8.81,11.93,11100.4,27.2,23.53
1158,45398.0,15.4,8.77,11.82,11014.2,27.5,23.53
1159,45398.0,15.3,8.77,12.29,11079.4,27.2,9.15
1160,45398.0,16.2,8.79,11.91,11028.1,31.0,9.49
1161,45398.0,16.3,8.81,11.96,10932.2,32.5,9.75
1162,45398.0,15.8,8.75,12.14,11047.7,31.4,10.67
1163,45398.0,13.5,8.28,7.75,1700.8,20.5,5.94
1164,45398.0,14.0,8.45,9.54,1655.3,20.5,6.6
1165,45398.0,14.4,8.45,9.38,1669.2,21.1,6.6
1166,45398.0,14.1,8.44,9.26,1640.2,18.8,6.34
1167,45398.0,13.7,8.39,8.7,1658.7,19.5,5.97
1168,45398.0,13.6,8.46,9.3,1449.3,14.6,5.97
1169,45398.0,13.5,8.41,8.81,1497.6,18.3,5.39
1170,45398.0,13.7,8.54,10.37,1475.6,16.5,5.73
1171,45398.0,13.7,8.45,9.27,1575,20.3,6.55
1172,45398.0,13.6,8.33,8.12,1648.4,19.6,5.89
1173,45398.0,13.5,8.34,8.37,1612.9,15.0,5.42
1174,45398.0,13.2,8.39,8.82,1570.3,17.5,5.42
1175,45398.0,13.1,8.31,8.18,1648.2,22.8,5.49
1176,45398.0,13.5,8.21,7,1815.7,24.7,5.69
1177,45398.0,14.1,8.34,8.16,1696.9,23.0,5.64
1178,45398.0,14.1,8.38,8.53,1669.7,21.6,5.84
1179,45398.0,13.6,8.36,8.45,1692.3,19.7,5.72
1180,45398.0,13.2,8.35,8.48,1666.5,18.4,5.72
1181,45398.0,13.2,8.35,8.48,1666.5,18.4,5.22
1182,45398.0,13.0,8.36,8.65,1672.7,18.6,5.22
1183,45398.0,16.0,8.6,10.86,1351.8,17.7,5.18
1184,45398.0,15.9,8.59,10.73,1380.8,23.4,5.13
1185,45398.0,15.0,8.62,10.51,1317.9,20.4,5.38
1186,45398.0,14.6,8.59,10.37,1327.4,21.2,5.38
1187,45398.0,14.4,8.58,10.35,1350.3,22.5,5.38
1188,45398.0,15.5,8.63,10.96,1325.4,23.5,5.15
1189,45398.0,15.6,8.67,10.98,1294.7,24.6,5.57
1190,45398.0,15.2,8.65,10.68,1328.8,24.0,5.84
1191,45398.0,17.6,7.75,13.06,864.9,19.0,2.81
1192,45398.0,18.2,7.77,13.59,865.3,17.8,2.43
1193,45398.0,18.4,7.86,15.05,886.8,31.1,2.43
1194,45398.0,18.4,7.96,16.9,900.2,57.3,2.35
1195,45398.0,18.3,8.02,17.32,915,67.1,2.61
1196,45398.0,17.8,7.81,13.96,913,13.2,2.61
1197,45398.0,17.3,7.62,10.62,904.3,7.8,2.65
1198,45398.0,17.5,7.73,12.74,904.3,10.9,2.45
1199,45423.0,22.8,7.7,7.81,428.5,6.6,2.06
1200,45423.0,23.1,8.71,9.37,1056.0,6.2,3.22
1201,45423.0,24.0,7.15,8.61,831.1,13.5,5.47
1202,45423.0,23.5,7.89,8.64,843.4,2.9,4.34
1203,45423.0,22.3,7.66,9.30,1222.7,12.7,3.81
1204,45423.0,23.7,8.29,9.74,1071.2,76.5,4.09
1205,,,,,,,
1206,45423.0,23.3,7.64,9.42,437.1,21.1,1.93
1207,45423.0,24.3,7.86,8.57,967.3,16.3,5.64
1208,45423.0,23.0,7.58,7.31,1234.9,57.0,3.24
1209,45423.0,25.5,9.71,18.79,1086.0,12.9,6.62
1210,45423.0,25.9,8.26,9.98,1179.8,16.6,4.82
1211,45423.0,21.9,8.55,9.96,428.7,5.0,2.64
1212,45423.0,22.9,8.07,8.84,695.6,33.0,5.96
1213,45423.0,19.1,8.54,10.99,436.2,3.6,2.46
1214,45423.0,19.3,8.35,10.11,465.7,6.5,1.59
1215,45423.0,22.7,8.15,14.69,543.6,3.3,0.82
1216,45423.0,22.2,8.5,14.39,586.8,8.4,3.29
1217,45423.0,16.1,8.3,10.78,580.7,49.2,0.89
1218,45423.0,22.6,8.01,7.13,651.0,12.8,3.77
1219,45423.0,22.9,8.26,11.14,734.3,9.1,3.44
1220,45423.0,24.0,8.54,15.96,1052.4,8.6,3.43
1221,45423.0,22.4,8.41,11.57,766.1,5.7,3.30
1222,45423.0,22.6,8.24,8.60,286.1,1.2,1.61
1223,45423.0,22.3,8.81,16.74,2576.0,11.5,4.29
1224,45423.0,23.2,8.24,8.55,271.7,5.4,2.00
1225,45423.0,23.2,8.41,13.20,956.4,13.3,7.00
1226,45423.0,23.0,8.88,9.70,948.9,12.9,5.53
1227,45423.0,20.0,8.42,7.79,3586.9,22.2,5.92
1228,45423.0,23.3,9.57,17.75,24216.8,22.3,13.63
1229,45423.0,21.6,8.5,9.49,7263.4,323.2,6.09
1230,45423.0,23.7,8.32,15.81,36093.4,84.6,9.76
1231,45423.0,23.6,8.37,7.41,4075.3,38.2,7.05
1232,45423.0,22.8,7.94,6.42,2810.9,31.1,5.70
1233,45423.0,22.9,8.99,28.32,16443.6,59.0,10.64
1234,45423.0,19.6,8.3,9.42,1380.2,32.1,4.54
1235,45423.0,21.9,8.81,11.12,522.0,3.8,4.54
1236,45423.0,20.8,8.37,8.57,519.0,4.6,2.57
1237,45423.0,15.2,8.2,9.86,631.1,5.2,2.36
1238,45423.0,24.5,8.46,10.64,805.8,8.5,2.90
1239,45423.0,17.6,8.72,10.21,639.8,2.3,2.02
1240,45423.0,,,,,,
1241,45423.0,23.1,8.18,9.55,648.7,99.7,2.69
1242,45423.0,23.6,7.92,5.30,1083.1,58.4,0.87
1243,45423.0,21.2,8.04,6.49,966.5,23.7,1.82
1244,45423.0,22.7,8.47,10.75,366.1,11.0,1.69
1245,45423.0,20.9,8.04,2.85,1256.6,14.4,6.07
1246,45423.0,17.8,8.75,12.32,596.3,0.5,2.07
1247,45423.0,25.2,8.98,15.43,679.4,9.6,3.11
1248,45423.0,22.0,9.39,3.92,1216.4,5.0,8.03
1249,45423.0,22.1,8.1,8.07,566.4,7.1,2.26
1250,45423.0,23.0,7.87,8.09,22370.9,1.9,2.72
1251,45423.0,22.9,9.21,13.81,877.4,14.9,3.59
1252,45423.0,21.7,8.47,10.45,463.6,1.2,1.41
1253,45423.0,21.2,8.92,15.57,695.8,12.5,3.92
1254,45423.0,23.8,8.22,9.10,754.4,17.1,3.95
1255,45423.0,27.4,8.58,16.63,22903.0,12.2,12.58
1256,45423.0,21.9,9.3,11.23,3579.2,90.4,8.34
1257,45423.0,24.3,6.73,10.43,42895.9,9.4,3.93
1258,45423.0,,,,,,
1259,45423.0,26.2,8.61,9.90,543.2,2.3,1.29
1260,45423.0,24.8,8.97,15.02,751.2,29.3,2.76
1261,45423.0,25.1,7.76,6.41,856.7,55.9,5.55
1262,45423.0,25.6,8.2,7.69,774.2,20.2,3.62
1263,45423.0,26.2,8.37,14.29,619.4,4.0,2.89
1264,45423.0,22.5,8.06,9.77,594.5,12.4,0.92
1265,45423.0,20.6,8.28,10.03,525.1,8.1,1.05
1266,45423.0,18.3,8.66,8.90,1208.9,56.0,4.09
1267,45423.0,19.2,8.34,7.76,1274.0,44.7,4.80
1268,45423.0,19.9,8.77,12.86,807.2,12.6,1.95
1269,45423.0,19.8,8.73,13.12,683.1,2.4,1.64
1270,45423.0,22.0,8.56,13.32,407.0,7.0,1.57
1271,45423.0,17.4,8.39,8.27,374.4,131.1,6.80
1272,45423.0,22.2,8.28,18.18,898.4,2.5,0.88
1273,45423.0,21.6,8.21,8.63,546.9,50.9,4.86
1274,45423.0,19.7,8.33,10.99,1340.8,3.2,1.49
1275,45423.0,16.9,8.32,8.17,315.4,217.7,10.96
1276,45423.0,20.8,8.09,7.59,501.0,104.6,6.47
1277,45423.0,21.2,8.6,18.14,758.7,11.1,1.47
1278,45423.0,19.2,8.31,16.90,657.1,2.1,1.62
1279,45423.0,15.8,8.04,9.24,661.4,35.4,6.17
1280,45423.0,22.6,8.33,11.73,727.3,18.4,1.73
1281,45423.0,19.0,9.04,25.62,464.6,5.3,1.49
1282,45423.0,22.6,9.42,10.30,2857.9,24.0,6.95
1283,45423.0,22.5,8.1,7.80,--,56.6,6.99
1284,45423.0,24.3,7.66,8.63,40768.4,1085.4,6.64
1285,45423.0,22.6,8.39,9.36,2113.5,45.2,5.48
1286,45423.0,22.2,8.66,11.10,2830.3,33.8,4.95
1287,45423.0,24.7,9.35,12.27,1261.6,16.7,5.74
1288,45423.0,23.2,7.9,22.70,1013.0,10.3,5.90
1289,45423.0,23.3,8.29,25.75,947.3,11.3,5.12
1290,45423.0,23.5,7.95,3.65,1747.1,46.9,6.31
1291,45423.0,24.5,9.02,--,677.4,38.4,5.25
1292,45423.0,22.9,7.85,4.22,998.2,1.4,6.33
1293,45423.0,24.1,8.86,11.23,877.5,15.0,4.72
1294,45423.0,23.8,8.7,7.60,1460.9,39.8,5.98
1295,45423.0,24.0,8.91,8.32,347.5,24.1,1.54
1296,45423.0,25.7,8.03,8.33,939.2,12.3,3.42
1297,45423.0,24.6,7.95,9.95,1131.2,11.3,4.91
1298,45423.0,26.7,7.93,7.01,1091.8,9.6,5.04
1299,45423.0,23.9,8.45,12.16,663.0,4.1,4.27
1300,45423.0,24.0,8.39,11.37,868.9,6.1,4.01
1301,45423.0,23.6,8.41,10.36,916.3,4.0,4.51
1302,45423.0,24.3,7.98,9.44,678.7,3.1,5.25
1303,45423.0,23.4,8.44,14.89,1557.2,10.7,6.19
1304,45423.0,18.7,8.43,11.20,748.3,11.3,1.63
1305,45423.0,20.3,8.55,8.05,807.3,22.7,1.33
1306,45423.0,18.0,8.48,13.92,962.7,28.1,2.99
1307,45423.0,18.5,8.38,9.92,582.9,45.8,3.29
1308,45423.0,18.2,8.49,8.35,1290.7,15.4,4.45
1309,45423.0,20.3,8.57,10.08,1071.0,182.3,5.11
1310,45423.0,21.1,8.21,6.86,979.7,312.5,5.20
1311,45423.0,19.1,7.89,7.49,1538.5,24.9,4.44
1312,45423.0,21.2,8.09,10.06,537.4,83.0,2.19
1313,45423.0,23.2,8.26,22.94,2201.4,2.8,4.46
1314,45423.0,21.9,8.4,8.78,744.4,14.7,2.33
1315,45423.0,21.6,8.16,11.82,658.5,19.6,7.31
1316,45423.0,14.4,7.84,10.34,719.6,4.8,2.58
1317,45423.0,24.6,7.97,8.80,787.6,33.8,3.80
1318,45423.0,20.0,8.25,10.43,504.9,3.9,2.27
1319,45423.0,17.9,7.83,6.93,648.7,23.8,2.10
1320,45423.0,15.6,8.51,9.76,544.5,6.9,1.25
1321,45423.0,18.0,8.24,7.01,1002.6,48.6,2.94
1322,45423.0,18.2,8.56,19.71,681.9,6.8,2.70
1323,45423.0,21.4,8.13,10.56,511.2,22.6,0.57
1324,45423.0,22.5,8.7,10.54,2306.3,27.5,4.16
1325,45423.0,24.0,8.37,9.91,1545.3,86.1,7.79
1326,45423.0,23.0,8.46,12.18,944.3,45.8,5.37
1327,45423.0,28.1,8.25,9.43,1056.9,28.4,2.26
1328,45423.0,23.7,8.32,7.04,2240.0,100.4,4.76
1329,45423.0,24.0,8.75,24.02,753.5,12.2,1.43
1330,45423.0,25.1,8.4,26.41,2008.4,27.3,6.03
1331,45423.0,19.8,8.08,8.50,993.4,18.5,2.64
1332,45423.0,17.2,7.94,6.53,750.0,10.5,1.70
1333,45423.0,22.5,8.04,6.70,959.1,154.1,3.74
1334,45423.0,19.7,8.39,15.11,629.0,12.1,1.33
1335,45423.0,17.0,8.24,12.30,478.0,5.1,0.96
1336,45423.0,19.2,8.58,9.12,953.9,14.4,1.61
1337,45423.0,25.3,8.31,11.45,1510.2,23.1,4.52
1338,45423.0,23.3,8.85,23.43,1290.5,18.0,2.63
1339,45423.0,19.0,8.25,9.82,592.4,44.0,1.66
1340,45423.0,24.1,8.55,10.30,477.2,16.1,1.65
1341,45423.0,27.3,8.84,15.35,1199.6,5.6,3.68
1342,45423.0,21.7,9.04,11.52,742.2,41.7,2.85
1343,45423.0,22.8,8.81,12.33,1078.2,15.2,3.13
1344,45423.0,24.7,8.57,9.23,829.8,6.4,3.08
1345,45423.0,17.9,8.33,9.30,659.3,22.4,1.58
1346,45423.0,23.2,8.54,14.20,1245.5,38.4,4.34
1347,45423.0,18.0,8.34,8.67,902.7,398.3,2.48
1348,45423.0,18.4,8.29,9.71,978.9,239.4,2.24
1349,45423.0,20.5,8.47,9.63,1912.6,68.1,8.46
1350,45423.0,20.3,8.44,9.07,940.9,219.7,2.40
1351,45423.0,12.4,8.04,11.06,293.0,18.7,8.33
1352,45423.0,13.6,8.15,11.01,301.8,40.6,10.97
1353,45423.0,15.7,7.95,8.61,392.0,13.3,17.07
1354,45423.0,8.8,8.95,11.09,1208.0,6.9,6.16
1355,45423.0,19.6,8.58,9.71,966.6,125.8,1.73
1356,45423.0,19.9,8.83,10.76,--,16.8,7.15
1357,45423.0,18.5,8.57,8.95,710.8,144.4,1.75
1358,45423.0,18.4,8.95,11.30,2040.1,2.3,6.84
1359,45423.0,19.4,8.54,10.49,745.3,13.2,1.62
1360,45423.0,12.2,8.5,15.30,170.2,2.9,4.25
1361,45423.0,12.4,7.5,11.33,299.8,64.5,1.97
1362,45423.0,16.4,8.48,15.28,174.2,50.5,3.75
1363,45423.0,19.0,8.25,5.04,835.4,64.7,8.76
1364,45423.0,19.2,7.32,8.09,794.8,6.9,4.70
1365,45423.0,18.5,8.27,7.92,620.7,18.4,3.21
1366,45423.0,19.9,8.14,9.35,781.2,4.8,3.32
1367,45423.0,20.1,7.53,8.81,20.0,380.2,4.50
1368,45423.0,17.6,8.37,10.38,294.6,40.6,2.46
1369,45423.0,15.8,8.69,10.75,303.0,77.8,5.47
1370,45423.0,18.7,7.77,14.03,542.8,0.9,2.96
1371,45423.0,20.2,8.94,10.05,255.5,2.2,1.49
1372,45423.0,20.8,8.5,9.43,471.2,5.7,4.04
1373,45423.0,21.5,8.5,11.65,517.1,14.3,3.99
1374,45423.0,19.4,8.29,7.70,679.0,4.2,2.34
1375,45423.0,22.0,7.77,8.92,22.5,,2.03
1376,45423.0,21.2,9.09,6.11,223.6,6.5,2.73
1377,45423.0,23.7,8.96,10.68,648.1,17.7,6.79
1378,45423.0,17.2,8.58,8.08,459.4,84.6,2.48
1379,45423.0,19.0,8.59,14.46,276.3,3.0,1.48
1380,45423.0,20.0,8.75,4.65,639.5,9.6,2.82
1381,45423.0,18.4,8.49,12.26,367.4,3.1,1.03
1382,45423.0,17.4,7.79,7.76,413.6,111.2,1.92
1383,45423.0,13.8,8.13,12.52,253.5,3.0,2.20
1384,45423.0,21.9,8.66,14.90,510.8,19.2,2.74
1385,45423.0,15.9,7.06,7.60,401.2,22.0,1.95
1386,45423.0,17.8,8.63,10.77,233.3,6.6,2.25
1387,45423.0,18.0,7.84,10.47,252.4,9.2,1.46
1388,45423.0,16.9,8.12,10.38,235.3,7.3,2.07
1389,45423.0,16.1,7.99,10.09,195.3,17.6,1.87
1390,45423.0,8.7,7.92,13.03,243.2,9.4,1.03
1391,45423.0,12.2,8.21,10.44,243.5,17.5,1.54
1392,45423.0,12.7,8.01,8.95,277.4,3.8,1.90
1393,45423.0,17.3,8.37,9.43,127.1,17.8,0.92
1394,45423.0,11.4,7.44,7.09,163.7,3.2,1.55
1395,45423.0,17.8,8.2,9.16,192.8,5.7,1.43
1396,45423.0,18.5,7.4,11.04,342.5,1.5,0.75
1397,45423.0,15.9,8.09,10.14,696.0,15.4,1.99
1398,45423.0,16.8,8.41,8.44,826.8,32.2,3.63
1399,45424.0,23.5,8.06,9.14,424.3,7.3,1.84
1400,45424.0,23.7,8.88,10.10,1048.2,6.2,2.93
1401,45424.0,24.5,7.38,10.21,770.0,13.1,5.44
1402,45424.0,23.9,8.17,9.89,844.4,2.9,4.45
1403,45424.0,23.4,7.84,10.38,1205.1,48.8,3.83
1404,45424.0,23.4,8.32,9.90,1073.4,66.6,4.40
1405,,,,,,,
1406,45424.0,23.4,7.65,9.59,425.1,12.1,2.48
1407,45424.0,24.3,7.86,8.57,967.3,16.3,5.64
1408,45424.0,24.2,7.68,8.39,1230.3,62.7,4.02
1409,45424.0,25.5,9.71,18.79,1086.0,12.9,6.62
1410,45424.0,27.9,8.62,13.57,1171.9,20.0,4.79
1411,45424.0,22.5,8.55,9.92,426.2,7.6,2.64
1412,45424.0,23.4,8.17,8.82,690.6,31.3,5.82
1413,45424.0,18.9,8.55,10.89,435.9,3.9,2.46
1414,45424.0,19.6,8.37,10.77,465.6,7.0,1.59
1415,45424.0,21.3,8.18,13.20,542.8,3.7,0.82
1416,45424.0,21.8,8.54,18.84,580.8,14.7,3.29
1417,45424.0,16.1,8.3,10.78,580.7,49.2,1.29
1418,45424.0,22.6,8.01,7.13,651.0,12.8,3.42
1419,45424.0,24.3,8.6,14.16,779.2,7.2,3.44
1420,45424.0,24.7,8.75,20.56,1005.5,10.6,3.56
1421,45424.0,23.6,8.8,16.63,757.2,7.3,3.30
1422,45424.0,23.6,8.26,8.51,285.7,1.0,1.61
1423,45424.0,23.1,8.94,20.74,2536.6,13.1,4.37
1424,45424.0,23.2,8.24,8.61,271.6,5.4,2.00
1425,45424.0,23.2,8.41,13.20,956.4,13.3,7.00
1426,45424.0,23.7,9.35,22.08,950.4,12.8,5.53
1427,45424.0,20.7,8.51,9.60,3844.3,31.2,6.25
1428,45424.0,24.2,9.6,19.33,24610.9,22.3,14.45
1429,45424.0,21.7,8.55,9.85,7094.2,224.0,7.65
1430,45424.0,24.0,8.18,11.48,36448.8,134.0,9.76
1431,45424.0,23.5,8.3,6.41,4034.3,48.6,7.87
1432,45424.0,23.8,8.36,9.45,2759.1,43.8,5.70
1433,45424.0,22.6,8.77,10.89,16436.4,42.8,18.81
1434,45424.0,20.2,8.49,15.13,1384.3,35.2,5.21
1435,45424.0,21.2,8.75,11.28,529.4,3.1,4.54
1436,45424.0,20.9,8.37,8.58,520.0,4.5,2.57
1437,45424.0,14.8,8.28,10.89,644.2,5.2,2.08
1438,45424.0,24.4,8.57,10.93,810.5,9.5,3.22
1439,45424.0,17.6,8.72,10.21,639.8,2.3,1.83
1440,45424.0,,,,,,
1441,45424.0,24.2,8.28,11.08,653.0,85.4,2.69
1442,45424.0,22.1,7.95,5.61,1093.8,56.4,0.87
1443,45424.0,23.0,8.27,10.96,949.9,22.0,1.38
1444,45424.0,23.3,8.5,11.10,368.0,12.2,1.72
1445,45424.0,21.6,8.08,2.69,1315.7,14.1,6.15
1446,45424.0,18.1,8.72,11.68,597.3,0.9,2.31
1447,45424.0,26.1,9.14,16.06,657.9,11.4,3.11
1448,45424.0,23.8,9.45,4.96,1209.4,6.0,7.78
1449,45424.0,22.1,8.12,8.31,566.1,7.0,2.21
1450,45424.0,23.9,8.07,11.13,21938.6,1.9,2.96
1451,45424.0,22.9,9.44,19.89,819.1,18.1,3.55
1452,45424.0,22.0,8.48,10.67,462.3,1.1,0.94
1453,45424.0,21.4,8.96,18.39,692.9,10.6,3.78
1454,45424.0,25.5,8.47,10.98,749.3,18.9,3.74
1455,45424.0,22.9,8.48,16.19,31762.0,19.3,13.33
1456,45424.0,23.1,9.33,13.60,3230.1,107.4,9.07
1457,45424.0,24.6,6.81,10.81,42861.0,7.6,4.91
1458,45424.0,23.2,8.71,10.96,543.1,16.2,
1459,45424.0,26.6,8.62,9.89,542.1,2.5,0.76
1460,45424.0,25.0,9.06,19.97,752.8,28.0,3.13
1461,45424.0,26.0,7.99,8.71,888.9,42.8,5.33
1462,45424.0,26.6,8.32,8.03,784.9,18.2,3.59
1463,45424.0,26.3,8.41,14.40,623.2,4.0,3.00
1464,45424.0,24.1,8.15,10.22,589.8,9.0,0.98
1465,45424.0,20.8,8.28,9.51,516.7,7.0,1.02
1466,45424.0,18.8,8.71,9.03,1207.7,59.2,4.31
1467,45424.0,20.0,8.44,8.77,1272.1,43.4,4.94
1468,45424.0,20.5,8.75,10.45,789.6,13.4,2.01
1469,45424.0,20.1,8.78,12.35,674.3,1.8,1.59
1470,45424.0,20.3,8.55,10.71,403.2,6.8,1.52
1471,45424.0,17.4,8.4,8.12,372.8,131.1,8.92
1472,45424.0,22.4,8.31,17.59,894.5,2.1,0.96
1473,45424.0,22.2,8.21,8.67,548.7,46.5,4.74
1474,45424.0,19.3,8.44,11.02,1337.9,5.1,1.54
1475,45424.0,15.9,8.4,8.24,319.7,131.3,12.55
1476,45424.0,20.5,8.12,7.57,508.1,105.0,6.47
1477,45424.0,21.7,8.47,12.64,772.6,13.1,1.47
1478,45424.0,18.1,8.41,17.56,654.5,1.9,1.51
1479,45424.0,15.3,8.04,8.48,660.7,67.5,5.65
1480,45424.0,22.1,8.42,10.68,713.8,19.7,1.64
1481,45424.0,16.5,8.62,14.83,474.9,3.5,1.49
1482,45424.0,23.8,9.42,10.88,2886.9,20.5,7.42
1483,45424.0,24.5,8.37,10.76,--,71.4,7.35
1484,45424.0,24.3,7.66,8.63,40768.4,1085.4,6.64
1485,45424.0,22.4,8.32,8.65,2183.7,53.1,5.81
1486,45424.0,23.0,8.76,12.92,2822.8,34.2,5.60
1487,45424.0,26.5,9.41,12.43,1267.0,17.3,5.78
1488,45424.0,23.1,7.88,19.89,1015.7,9.7,4.68
1489,45424.0,23.4,8.44,29.06,941.3,12.1,4.98
1490,45424.0,23.5,7.95,3.65,1747.1,46.9,6.31
1491,45424.0,26.8,8.95,--,684.2,37.8,5.45
1492,45424.0,23.9,8.41,9.44,990.5,1.0,6.33
1493,45424.0,24.9,9.05,12.63,867.4,12.7,5.47
1494,45424.0,23.8,8.7,7.60,1460.9,39.8,5.98
1495,45424.0,24.9,8.93,8.38,345.6,5.3,1.55
1496,45424.0,25.8,8.1,9.06,929.4,9.3,3.47
1497,45424.0,25.9,8.11,12.40,1133.4,11.0,5.15
1498,45424.0,26.7,7.93,7.74,1090.4,10.4,5.04
1499,45424.0,24.4,8.69,13.82,635.7,3.1,4.27
1500,45424.0,24.2,8.47,12.35,870.4,5.6,4.01
1501,45424.0,24.2,8.49,10.33,916.4,3.6,4.06
1502,45424.0,24.6,8.05,9.95,682.1,3.5,5.25
1503,45424.0,24.9,8.49,15.14,1556.8,10.7,6.10
1504,45424.0,18.5,8.46,11.65,750.5,9.8,1.57
1505,45424.0,21.9,8.47,6.91,811.3,22.3,1.29
1506,45424.0,17.7,8.64,15.44,949.1,29.6,2.99
1507,45424.0,19.3,8.48,9.88,566.5,25.3,3.17
1508,45424.0,17.7,8.49,8.35,1289.3,16.2,4.45
1509,45424.0,19.6,8.79,8.93,1062.0,45.1,4.97
1510,45424.0,21.2,8.25,7.17,992.5,317.9,4.89
1511,45424.0,20.7,8.15,10.47,1529.0,29.4,4.53
1512,45424.0,22.5,8.17,9.84,536.2,49.5,2.46
1513,45424.0,23.2,8.26,23.78,2197.0,2.5,4.60
1514,45424.0,22.5,8.42,8.84,742.5,14.1,2.53
1515,45424.0,22.5,8.38,18.82,657.6,18.8,7.76
1516,45424.0,13.8,7.85,10.26,713.8,5.0,2.37
1517,45424.0,26.8,8.26,13.94,790.3,29.3,3.96
1518,45424.0,19.5,8.23,9.66,507.1,4.2,2.20
1519,45424.0,18.8,7.76,6.12,648.6,23.0,2.14
1520,45424.0,22.1,8.3,7.50,829.3,6.0,
1521,45424.0,17.9,8.48,9.62,543.4,6.4,1.30
1522,45424.0,19.0,8.46,9.74,996.2,34.6,2.94
1523,45424.0,20.3,8.5,16.96,648.1,44.4,2.70
1524,45424.0,22.4,8.08,9.59,507.1,30.8,0.60
1525,45424.0,25.2,8.64,8.36,2275.1,38.0,3.94
1526,45424.0,26.4,8.26,9.09,1560.8,95.4,7.62
1527,45424.0,25.8,8.53,12.85,941.7,45.6,5.42
1528,45424.0,33.3,8.11,9.02,1099.8,37.8,2.37
1529,45424.0,24.3,8.33,7.02,2179.4,101.4,4.90
1530,45424.0,28.0,8.79,17.89,698.6,12.3,1.26
1531,45424.0,28.8,8.79,--,2113.7,19.2,5.78
1532,45424.0,21.0,8.13,8.26,1046.2,29.8,2.61
1533,45424.0,17.0,7.94,5.04,757.5,6.7,1.12
1534,45424.0,25.8,8.1,6.20,985.8,145.9,3.71
1535,45424.0,20.4,8.38,13.99,620.3,10.3,1.45
1536,45424.0,17.0,8.24,12.30,478.0,5.1,1.17
1537,45424.0,20.9,8.64,8.20,949.1,8.8,1.61
1538,45424.0,27.2,8.74,15.00,1512.6,26.2,5.67
1539,45424.0,,,,,,
1540,45424.0,23.1,8.36,9.68,602.0,44.7,1.58
1541,45424.0,26.8,8.58,9.92,467.4,20.5,1.77
1542,45424.0,29.8,8.91,14.41,1198.2,5.9,3.91
1543,45424.0,25.1,9.24,10.95,715.0,48.8,2.81
1544,45424.0,25.4,8.87,13.78,1037.1,18.4,3.13
1545,45424.0,26.7,8.6,8.69,837.4,5.0,2.71
1546,45424.0,18.2,8.31,8.84,657.0,24.5,1.60
1547,45424.0,26.4,8.61,25.18,1191.4,45.0,5.20
1548,45424.0,18.5,8.35,8.71,898.6,478.8,2.68
1549,45424.0,19.6,8.3,9.74,975.4,241.0,2.39
1550,45424.0,20.5,8.47,9.63,1912.6,68.1,9.09
1551,45424.0,20.3,8.44,9.07,940.9,219.7,2.33
1552,45424.0,12.8,8.11,11.24,287.9,18.7,8.50
1553,45424.0,13.6,8.15,11.01,301.8,40.6,10.97
1554,45424.0,16.4,7.94,8.80,392.7,13.5,
1555,45424.0,8.8,8.95,11.09,1208.0,6.9,6.16
1556,45424.0,19.6,8.58,9.71,966.6,125.8,1.61
1557,45424.0,20.6,8.87,12.64,--,22.2,7.03
1558,45424.0,18.5,8.57,8.95,710.8,144.4,1.75
1559,45424.0,18.9,8.98,11.26,2074.0,2.0,6.58
1560,45424.0,19.4,8.54,10.49,745.3,13.2,1.92
1561,45424.0,13.0,8.85,15.37,166.8,3.7,4.25
1562,45424.0,13.2,7.57,12.64,305.0,63.6,1.67
1563,45424.0,16.3,8.48,15.89,175.1,51.6,3.71
1564,45424.0,19.5,8.53,6.82,839.2,71.6,8.98
1565,45424.0,19.8,7.35,9.83,784.8,7.4,5.24
1566,45424.0,18.7,8.26,8.07,606.0,16.7,2.97
1567,45424.0,19.5,8.11,8.79,788.0,7.5,3.87
1568,,,,,,,
1569,45424.0,17.5,8.52,10.85,305.6,41.3,4.19
1570,45424.0,16.0,8.76,11.37,298.4,76.8,4.44
1571,45424.0,18.9,7.82,14.31,529.8,1.0,2.91
1572,45424.0,20.2,8.94,10.05,255.5,2.2,1.54
1573,45424.0,21.7,8.62,8.72,485.1,7.2,3.65
1574,45424.0,22.7,8.64,12.66,516.4,13.5,3.99
1575,45424.0,19.4,8.29,7.70,679.0,4.2,2.28
1576,45424.0,20.3,7.77,10.37,22.5,6.9,1.98
1577,45424.0,21.2,9.09,6.11,223.6,6.5,2.99
1578,45424.0,25.8,9.06,11.46,631.0,18.5,8.08
1579,45424.0,17.6,8.58,8.16,446.5,71.9,2.49
1580,45424.0,21.3,9.22,18.84,262.5,3.2,1.53
1581,45424.0,20.9,8.75,4.91,650.9,10.8,3.10
1582,45424.0,19.6,8.63,12.50,365.2,3.6,1.17
1583,45424.0,17.6,7.82,7.95,407.8,105.2,1.95
1584,45424.0,13.8,8.1,12.48,253.6,3.2,1.86
1585,45424.0,21.4,8.5,11.97,515.3,21.8,2.79
1586,45424.0,19.4,7.71,13.66,359.6,6.7,1.51
1587,45424.0,19.6,9.05,11.72,234.3,6.9,1.99
1588,45424.0,20.8,8.34,10.82,252.7,8.9,0.95
1589,45424.0,19.8,8.79,11.32,237.8,7.6,2.06
1590,45424.0,17.8,8.43,11.24,193.5,15.8,1.77
1591,45424.0,10.3,8.29,13.87,240.6,8.4,1.04
1592,45424.0,12.6,8.28,10.69,244.5,42.0,1.78
1593,45424.0,12.2,8.12,9.68,277.4,2.9,2.04
1594,45424.0,17.3,8.37,9.43,127.1,17.8,0.73
1595,45424.0,11.4,7.44,7.09,163.7,3.2,1.55
1596,45424.0,17.8,8.2,9.16,192.8,5.7,
1597,45424.0,18.5,7.4,11.04,342.5,1.5,0.73
1598,45424.0,15.9,8.09,10.14,696.0,15.4,1.99
1599,45425.0,23.1,8.16,9.90,423.3,7.2,1.92
1600,45425.0,23.2,8.77,9.17,1042.7,5.2,3.12
1601,45425.0,24.5,7.59,11.81,759.1,13.8,5.12
1602,45425.0,23.8,8.3,8.84,876.3,2.9,4.31
1603,45425.0,22.7,7.71,8.42,1201.0,18.4,5.45
1604,45425.0,21.9,8.27,8.39,1062.8,47.7,4.37
1605,,,,,,,
1606,45425.0,22.7,7.55,8.24,447.1,5.4,2.30
1607,45425.0,25.5,8.21,10.30,960.1,16.8,5.92
1608,45425.0,23.3,7.72,7.56,1233.0,68.0,3.94
1609,45425.0,27.2,9.99,24.21,1072.6,10.8,6.48
1610,45425.0,25.7,8.6,10.20,1167.0,17.8,5.33
1611,45425.0,22.2,8.44,8.93,427.0,14.2,2.74
1612,45425.0,21.9,8.2,8.56,721.6,34.6,5.59
1613,45425.0,18.5,8.53,10.85,437.3,3.4,2.39
1614,45425.0,19.3,8.35,10.06,465.6,13.7,1.57
1615,45425.0,19.4,7.84,7.66,555.8,4.3,0.85
1616,45425.0,21.5,8.49,17.52,577.3,11.9,3.66
1617,45425.0,16.9,8.31,8.97,564.8,12.9,0.81
1618,45425.0,22.8,8.04,7.21,788.4,12.3,3.41
1619,45425.0,23.5,8.43,12.11,742.2,8.6,3.70
1620,45425.0,23.6,8.62,15.19,946.1,6.6,3.77
1621,45425.0,23.6,8.76,14.91,730.5,7.0,3.56
1622,45425.0,22.7,8.24,8.39,285.8,1.0,1.51
1623,45425.0,22.7,8.89,16.49,2615.5,14.4,4.13
1624,45425.0,22.3,8.13,8.07,273.0,7.0,1.80
1625,45425.0,23.3,8.5,13.37,951.6,11.4,6.98
1626,45425.0,23.9,9.42,20.20,940.1,22.6,5.62
1627,45425.0,19.8,8.44,7.23,3938.0,31.7,2.81
1628,45425.0,23.1,9.42,12.87,25215.2,18.2,14.01
1629,45425.0,21.2,8.55,8.61,7134.1,142.5,6.29
1630,45425.0,25.2,8.12,10.79,37278.8,1509.4,7.98
1631,45425.0,23.2,8.15,6.18,4092.0,56.4,7.47
1632,45425.0,22.8,8.17,8.15,2769.2,32.0,7.48
1633,45425.0,21.3,8.42,2.78,16387.7,46.0,11.09
1634,45425.0,19.6,8.2,9.77,1388.4,34.3,6.81
1635,45425.0,20.9,8.77,10.92,526.1,2.7,4.21
1636,45425.0,20.8,8.42,9.01,517.7,4.6,2.84
1637,45425.0,14.7,8.32,11.23,616.6,5.3,2.45
1638,45425.0,23.6,8.46,10.59,808.2,8.0,3.12
1639,45425.0,17.9,8.73,10.08,640.3,2.5,2.00
1640,45425.0,,,,,,
1641,45425.0,24.1,8.27,10.32,640.7,78.8,2.65
1642,45425.0,20.6,7.94,5.87,1104.1,53.3,0.73
1643,45425.0,24.7,8.32,14.65,939.3,19.0,1.18
1644,45425.0,22.6,8.48,10.13,368.8,10.9,1.90
1645,45425.0,21.5,8.14,3.20,1276.7,14.0,6.83
1646,45425.0,17.2,8.64,11.45,601.9,0.7,1.98
1647,45425.0,25.2,9.04,16.28,646.0,11.5,3.08
1648,45425.0,21.5,9.35,3.05,1215.9,7.9,7.87
1649,45425.0,21.8,8.04,7.32,567.9,9.3,2.20
1650,45425.0,24.0,7.93,8.20,19482.8,1.9,3.08
1651,45425.0,23.0,9.3,17.36,830.1,19.1,3.97
1652,45425.0,20.7,8.1,7.62,467.6,1.0,1.05
1653,45425.0,21.5,8.92,16.20,695.9,9.9,4.00
1654,45425.0,24.0,8.37,8.71,751.6,19.1,3.94
1655,45425.0,20.0,8.0,7.79,38112.4,18.3,13.74
1656,45425.0,23.4,9.29,12.46,3016.8,123.0,8.60
1657,45425.0,24.1,6.5,6.81,43139.5,8.7,4.20
1658,45425.0,21.0,8.51,8.78,556.4,14.4,1.12
1659,45425.0,24.7,8.63,9.95,540.7,3.6,0.98
1660,45425.0,24.9,8.96,17.45,754.5,29.6,3.56
1661,45425.0,26.2,7.93,7.98,941.0,32.3,5.02
1662,45425.0,25.5,7.99,6.61,786.0,34.9,3.72
1663,45425.0,23.7,8.28,8.03,628.3,5.0,2.91
1664,45425.0,23.0,8.09,8.12,589.8,10.0,0.92
1665,45425.0,17.6,8.2,9.34,526.1,7.6,0.97
1666,45425.0,18.0,8.67,7.91,1202.4,58.4,4.25
1667,45425.0,20.7,8.52,9.38,1271.0,41.8,5.05
1668,45425.0,15.9,8.59,8.78,825.2,14.2,2.00
1669,45425.0,19.0,8.45,8.44,686.1,2.2,1.61
1670,45425.0,17.4,8.21,7.25,423.7,7.4,1.71
1671,45425.0,16.3,8.41,8.37,372.7,107.1,8.07
1672,45425.0,20.7,8.02,8.67,903.9,1.9,0.96
1673,45425.0,21.2,8.21,7.78,549.7,42.0,4.82
1674,45425.0,18.3,8.19,7.65,1343.4,4.3,1.48
1675,45425.0,13.8,8.4,8.62,323.0,140.1,8.09
1676,45425.0,19.1,8.12,7.41,513.2,94.3,6.61
1677,45425.0,18.4,8.27,7.58,799.8,10.3,1.63
1678,45425.0,16.9,8.3,15.17,659.6,2.2,1.42
1679,45425.0,13.5,7.9,8.16,646.9,79.8,6.51
1680,45425.0,19.4,8.3,8.34,712.1,25.8,1.71
1681,45425.0,13.9,7.87,7.66,489.6,3.4,1.34
1682,45425.0,23.5,9.36,9.84,2900.5,20.9,7.15
1683,45425.0,24.1,8.24,9.58,--,32.8,7.10
1684,45425.0,21.6,7.74,8.97,40410.7,430.2,
1685,45425.0,21.6,8.28,8.26,1954.7,47.6,5.70
1686,45425.0,22.6,8.66,10.52,2825.6,33.1,5.64
1687,45425.0,24.3,9.44,11.09,1265.4,17.7,5.73
1688,45425.0,23.0,8.28,--,1013.6,10.1,2.65
1689,45425.0,23.3,8.39,24.36,940.2,13.9,4.68
1690,45425.0,24.0,8.01,4.49,1749.8,61.2,6.31
1691,45425.0,25.5,8.86,--,674.4,42.9,5.31
1692,45425.0,24.8,8.72,12.78,978.3,1.2,1.03
1693,45425.0,24.3,9.01,12.05,867.3,12.5,4.88
1694,45425.0,25.0,8.74,8.09,1452.0,33.1,6.07
1695,45425.0,24.8,8.93,8.29,347.3,6.0,1.61
1696,45425.0,25.4,8.07,8.59,919.8,9.6,3.29
1697,45425.0,25.4,8.07,11.74,1138.3,13.4,4.82
1698,45425.0,26.2,7.88,7.02,1064.8,17.0,5.95
1699,45425.0,23.5,8.68,12.21,639.0,2.9,4.45
1700,45425.0,23.4,8.42,11.26,889.6,4.2,4.07
1701,45425.0,23.6,8.4,9.59,918.2,4.2,4.24
1702,45425.0,23.9,7.9,8.93,681.6,4.7,5.58
1703,45425.0,23.2,8.25,7.59,1559.1,8.6,5.88
1704,45425.0,17.1,8.45,10.04,753.8,11.0,1.64
1705,45425.0,20.9,8.49,6.60,808.2,26.0,1.35
1706,45425.0,16.0,8.65,11.81,933.8,29.6,2.42
1707,45425.0,17.5,8.36,8.31,571.9,12.3,3.18
1708,45425.0,17.3,8.46,8.18,1292.4,16.1,4.36
1709,45425.0,15.5,8.72,8.25,1027.3,25.4,4.31
1710,45425.0,19.8,8.26,6.98,1005.6,298.0,4.85
1711,45425.0,18.8,8.06,8.09,1513.4,22.5,4.60
1712,45425.0,21.5,8.06,8.10,531.4,30.5,2.29
1713,45425.0,21.0,8.02,8.85,2221.5,2.6,4.33
1714,45425.0,22.5,8.42,8.57,743.5,15.2,2.62
1715,45425.0,22.5,7.91,7.62,660.0,21.7,7.91
1716,45425.0,13.3,7.78,8.87,716.7,5.5,2.46
1717,45425.0,24.3,8.07,10.52,853.5,28.4,4.27
1718,45425.0,18.8,8.17,8.18,513.3,4.1,2.31
1719,45425.0,18.9,7.7,5.08,650.1,19.3,2.10
1720,45425.0,22.9,8.38,9.14,821.5,6.1,1.66
1721,45425.0,26.2,8.71,7.57,,8.0,1.30
1722,45425.0,18.6,8.5,9.65,994.6,62.5,3.10
1723,45425.0,17.1,8.39,7.19,696.3,12.3,4.71
1724,45425.0,22.0,7.95,7.75,520.6,50.7,0.78
1725,45425.0,23.6,8.31,8.18,2406.9,39.1,4.40
1726,45425.0,25.1,8.08,7.09,1572.8,58.3,8.39
1727,45425.0,22.7,8.47,9.54,942.7,44.4,5.75
1728,45425.0,26.6,8.2,9.18,1050.8,40.7,2.34
1729,45425.0,24.3,8.36,7.17,2171.0,122.5,4.55
1730,45425.0,27.1,8.15,7.19,706.7,12.3,1.43
1731,45425.0,,,,,,
1732,45425.0,13.6,8.1,8.26,1016.5,10.2,3.22
1733,45425.0,16.7,8.01,5.78,775.5,6.5,0.98
1734,45425.0,22.5,8.14,6.13,976.2,123.6,3.10
1735,45425.0,18.6,8.06,7.95,648.9,11.4,1.49
1736,45425.0,15.0,8.0,9.01,486.2,4.2,1.17
1737,45425.0,20.0,8.51,6.97,950.4,7.7,1.39
1738,45425.0,26.4,8.71,13.79,1550.5,24.6,5.88
1739,45425.0,24.8,9.16,9.03,821.3,20.0,
1740,45425.0,18.9,8.13,8.15,0.6,1.0,1.70
1741,45425.0,20.7,8.4,7.18,519.8,22.4,1.83
1742,45425.0,25.2,8.64,5.52,1165.5,7.5,4.08
1743,45425.0,23.5,9.03,7.11,724.1,48.5,2.95
1744,45425.0,24.6,8.83,9.05,1035.6,18.8,3.13
1745,45425.0,21.8,8.57,6.86,843.1,6.4,2.72
1746,45425.0,16.3,8.23,8.01,657.4,24.8,1.56
1747,45425.0,25.2,8.47,17.94,1104.9,44.7,4.66
1748,45425.0,17.5,8.36,8.64,895.8,560.2,2.69
1749,45425.0,20.3,8.31,9.69,972.1,249.5,2.01
1750,45425.0,21.8,8.59,11.47,1790.3,67.9,9.52
1751,45425.0,20.0,8.46,8.96,969.4,231.4,2.37
1752,45425.0,11.0,8.13,10.91,288.3,17.5,8.38
1753,45425.0,13.9,8.2,11.09,302.7,42.2,10.80
1754,45425.0,16.7,7.94,8.91,394.9,12.9,17.25
1755,45425.0,9.9,8.92,10.92,1208.9,23.1,6.20
1756,45425.0,20.8,8.55,9.62,960.4,135.4,1.63
1757,45425.0,20.0,8.88,11.80,--,19.8,7.23
1758,45425.0,18.2,8.57,8.98,710.9,145.7,1.86
1759,45425.0,19.3,9.02,12.21,2040.1,2.2,6.77
1760,45425.0,15.8,8.55,9.98,737.5,12.0,1.71
1761,45425.0,12.5,8.48,12.09,167.5,3.6,4.71
1762,45425.0,12.8,7.55,10.99,302.3,63.7,1.70
1763,45425.0,10.4,7.89,12.12,177.9,50.5,3.69
1764,45425.0,19.7,8.56,7.91,829.1,78.5,9.02
1765,45425.0,19.4,7.44,10.43,772.8,6.4,5.15
1766,45425.0,19.3,8.53,9.56,573.9,22.0,3.07
1767,45425.0,19.3,8.13,8.74,792.9,8.2,3.94
1768,,,,,,,
1769,45425.0,17.1,8.46,10.01,312.9,38.4,4.19
1770,45425.0,15.6,8.63,10.11,297.5,100.1,4.53
1771,45425.0,19.0,7.67,12.36,525.5,0.5,2.68
1772,45425.0,20.5,9.02,10.72,253.8,1.9,1.49
1773,45425.0,20.8,8.38,8.01,468.3,5.8,4.20
1774,45425.0,21.1,8.43,10.64,524.4,13.5,3.86
1775,45425.0,21.3,8.47,8.63,671.8,4.1,2.42
1776,45425.0,19.4,7.56,10.14,132.1,4.0,2.03
1777,45425.0,21.2,9.09,6.11,223.6,6.5,2.99
1778,45425.0,23.8,8.64,10.38,640.3,20.6,8.84
1779,45425.0,17.4,8.52,7.97,453.1,80.4,2.52
1780,45425.0,21.2,9.19,11.19,254.7,3.1,1.68
1781,45425.0,20.0,8.72,4.62,644.6,13.0,3.07
1782,45425.0,18.6,8.26,8.38,370.8,3.1,1.16
1783,45425.0,17.4,7.82,7.90,404.8,111.7,1.93
1784,45425.0,13.4,8.03,12.57,253.6,2.4,1.87
1785,45425.0,17.9,8.12,7.43,531.5,22.2,2.95
1786,45425.0,19.1,7.96,12.66,369.5,4.7,1.49
1787,45425.0,19.2,9.01,10.15,235.6,5.7,2.23
1788,45425.0,19.2,8.24,9.99,252.4,10.0,0.94
1789,45425.0,18.7,8.61,10.32,240.8,7.7,2.04
1790,45425.0,18.8,8.5,10.61,194.1,10.7,1.82
1791,45425.0,11.3,8.49,13.73,238.6,8.4,1.04
1792,45425.0,12.8,8.41,10.94,245.2,14.3,1.74
1793,45425.0,11.7,8.11,9.83,278.9,2.0,1.79
1794,45425.0,17.0,7.92,8.55,128.5,12.4,1.07
1795,45425.0,11.9,7.48,7.14,165.1,2.0,1.56
1796,45425.0,17.3,7.4,8.83,192.8,4.9,2.47
1797,45425.0,17.9,7.25,9.51,345.7,1.4,0.78
1798,45425.0,15.9,8.15,9.59,695.1,17.9,2.15
1799,45426.0,23.3,8.06,9.42,434.1,7.5,1.81
1800,45426.0,23.2,8.85,10.10,998.8,8.0,2.91
1801,45426.0,23.5,7.3,9.34,815.3,16.8,5.16
1802,45426.0,23.7,8.3,10.60,834.1,3.8,4.16
1803,45426.0,21.1,7.74,9.61,1228.2,11.4,3.71
1804,45426.0,22.6,8.26,8.52,1001.6,46.3,3.75
1805,45426.0,21.7,7.89,8.67,892.2,7.1,3.87
1806,45426.0,22.9,7.68,10.34,450.8,24.0,2.31
1807,45426.0,22.4,7.86,7.86,967.4,12.9,5.60
1808,45426.0,24.1,7.87,10.60,1254.0,31.4,3.54
1809,45426.0,23.8,9.59,21.36,1111.6,13.2,5.43
1810,45426.0,23.8,8.35,11.95,1152.7,17.7,4.95
1811,45426.0,22.0,8.54,10.22,424.7,4.7,2.77
1812,45426.0,20.4,8.11,9.60,731.2,34.2,5.63
1813,45426.0,19.5,8.58,11.59,432.2,4.2,2.30
1814,45426.0,20.4,8.36,10.57,466.8,9.6,1.69
1815,45426.0,22.9,8.19,14.89,537.5,3.9,0.84
1816,45426.0,21.8,8.99,14.42,577.0,8.0,3.50
1817,45426.0,15.4,8.21,9.07,573.4,166.0,2.31
1818,45426.0,22.8,8.0,6.94,834.0,12.8,3.51
1819,45426.0,22.8,8.24,10.54,721.3,9.8,3.38
1820,45426.0,22.7,8.29,11.92,839.6,10.7,3.51
1821,45426.0,22.1,8.4,10.09,688.5,7.7,3.25
1822,45426.0,23.0,8.28,8.88,283.8,1.2,1.54
1823,45426.0,21.3,8.71,11.61,2793.0,14.7,4.32
1824,45426.0,23.3,8.28,8.68,271.8,5.4,1.87
1825,45426.0,22.6,8.23,10.01,914.9,16.6,6.31
1826,45426.0,21.9,8.9,5.30,851.7,12.6,6.65
1827,45426.0,19.5,8.38,6.35,3916.4,42.1,2.46
1828,45426.0,21.9,9.35,11.32,25064.1,17.1,11.50
1829,45426.0,21.3,8.59,11.52,8293.7,101.3,6.06
1830,45426.0,23.0,8.36,15.30,37215.7,91.5,9.22
1831,45426.0,22.7,8.22,6.55,4138.7,44.5,7.96
1832,45426.0,22.9,8.33,8.95,2771.8,50.1,6.79
1833,45426.0,23.7,9.15,--,16519.3,44.2,8.88
1834,45426.0,19.5,8.31,11.11,1387.9,30.5,5.48
1835,45426.0,20.6,8.78,10.68,528.2,3.3,1.40
1836,45426.0,20.7,8.42,8.71,519.7,5.8,2.60
1837,45426.0,14.9,8.27,10.71,638.0,5.2,2.33
1838,45426.0,23.3,8.43,10.53,805.4,7.9,2.78
1839,45426.0,16.8,8.71,10.95,644.2,3.1,1.92
1840,,,,,,,
1841,45426.0,23.8,8.24,10.57,646.4,101.6,2.39
1842,45426.0,21.9,7.94,5.55,1100.8,68.3,0.65
1843,45426.0,20.8,8.02,6.29,956.9,23.8,1.52
1844,45426.0,22.0,8.43,10.59,397.1,21.6,1.83
1845,45426.0,20.8,8.13,3.29,1299.9,15.2,6.56
1846,45426.0,17.2,8.75,12.43,598.7,0.6,2.08
1847,45426.0,23.3,8.93,13.74,680.9,11.6,2.92
1848,45426.0,20.8,9.18,3.66,1236.6,8.2,7.80
1849,45426.0,21.8,8.05,7.50,568.3,8.7,2.22
1850,45426.0,22.3,8.0,10.02,20682.6,1.4,2.79
1851,45426.0,22.2,9.44,16.92,929.7,22.6,4.14
1852,45426.0,20.4,8.31,8.72,466.4,0.9,0.80
1853,45426.0,21.4,8.94,14.16,693.2,8.9,3.60
1854,45426.0,21.4,8.25,8.41,772.9,24.3,3.96
1855,45426.0,24.0,8.6,10.92,25462.4,7.4,13.68
1856,45426.0,22.4,9.31,11.94,3204.0,135.4,8.22
1857,45426.0,25.1,6.89,11.28,43097.3,10.8,4.15
1858,45426.0,19.6,8.75,12.03,570.2,11.3,0.25
1859,45426.0,23.8,8.62,9.68,540.4,4.3,0.83
1860,45426.0,24.9,8.99,16.54,761.5,32.1,3.54
1861,45426.0,25.2,7.68,6.03,951.6,43.6,5.41
1862,45426.0,24.9,8.12,7.95,789.4,22.9,3.72
1863,45426.0,26.5,8.38,15.47,618.3,3.9,2.97
1864,45426.0,21.4,8.07,10.16,597.6,10.5,0.67
1865,45426.0,18.1,8.26,10.48,535.5,37.8,1.19
1866,45426.0,17.8,8.74,9.22,1211.2,59.7,4.48
1867,45426.0,21.1,8.43,8.53,1267.6,51.7,3.91
1868,45426.0,18.1,8.75,12.96,817.4,11.0,1.80
1869,45426.0,17.6,8.73,13.42,680.7,1.7,1.45
1870,45426.0,21.5,8.55,13.30,411.0,5.8,1.50
1871,45426.0,15.4,8.4,8.93,376.7,174.3,9.96
1872,45426.0,20.8,8.2,16.32,896.3,2.5,0.94
1873,45426.0,20.2,8.26,9.38,558.8,43.9,4.50
1874,45426.0,18.4,8.3,9.28,1338.6,5.7,1.47
1875,45426.0,14.6,8.39,9.11,323.0,137.7,8.26
1876,45426.0,19.1,8.13,8.21,545.2,87.0,6.19
1877,45426.0,18.9,8.57,17.66,773.0,14.2,1.44
1878,45426.0,19.0,8.24,16.62,667.5,2.2,1.36
1879,45426.0,15.8,8.28,10.26,623.4,41.6,6.54
1880,45426.0,21.6,8.33,12.93,735.8,16.3,1.54
1881,45426.0,18.0,8.95,24.02,479.4,4.6,1.43
1882,45426.0,24.0,9.35,11.05,2940.6,23.3,7.06
1883,45426.0,24.7,8.26,10.76,--,8.3,6.32
1884,,,,,,,
1885,45426.0,23.3,8.47,10.26,2216.1,40.4,5.63
1886,45426.0,21.8,8.65,10.06,2834.4,33.5,5.64
1887,45426.0,23.2,9.38,11.06,1270.6,21.5,5.77
1888,45426.0,22.8,8.28,28.25,1007.2,10.6,6.05
1889,45426.0,22.8,8.44,27.23,953.2,13.3,5.06
1890,45426.0,25.4,8.26,9.77,1787.5,23.2,6.44
1891,45426.0,24.4,9.02,22.82,703.2,6.2,5.37
1892,45426.0,22.0,7.76,3.43,991.8,1.2,5.62
1893,45426.0,23.5,8.47,8.05,881.3,16.4,4.73
1894,45426.0,23.1,8.73,7.78,1472.4,33.2,6.18
1895,45426.0,24.3,8.91,8.44,348.5,6.5,1.60
1896,45426.0,24.9,8.0,7.62,911.2,10.0,3.25
1897,45426.0,24.0,7.85,8.04,1147.4,11.3,4.96
1898,45426.0,27.1,8.0,7.66,1092.4,13.6,
1899,45426.0,23.0,8.67,11.71,638.4,2.4,4.30
1900,45426.0,23.4,8.4,10.28,906.2,28.4,4.07
1901,45426.0,22.9,8.45,9.35,916.2,4.1,4.49
1902,45426.0,24.3,7.93,8.15,685.8,4.7,5.35
1903,45426.0,19.9,8.47,11.60,1571.6,10.8,6.31
1904,45426.0,18.5,8.44,11.44,746.5,10.3,1.58
1905,45426.0,21.5,8.65,7.54,0.2,5.4,
1906,45426.0,15.0,8.49,14.45,939.9,28.3,2.36
1907,45426.0,17.7,8.33,9.33,576.5,119.7,3.92
1908,45426.0,18.4,8.52,8.20,1290.4,13.0,4.37
1909,45426.0,18.1,8.49,10.08,1118.5,246.4,6.18
1910,45426.0,19.2,8.29,7.51,997.0,322.8,5.44
1911,45426.0,18.5,7.96,8.94,1502.7,13.1,4.26
1912,45426.0,21.5,8.13,10.61,515.1,42.1,2.21
1913,45426.0,22.8,8.37,23.37,2227.7,2.6,4.70
1914,45426.0,22.0,8.4,8.80,739.5,13.9,2.70
1915,45426.0,20.9,7.6,3.05,664.0,36.2,7.48
1916,45426.0,13.8,7.82,10.29,719.8,4.9,2.51
1917,45426.0,22.4,7.86,7.38,815.6,37.2,4.69
1918,45426.0,19.8,8.2,9.12,509.5,5.3,2.52
1919,45426.0,18.9,7.69,4.76,629.0,20.4,1.98
1920,45426.0,23.3,8.36,8.17,811.5,6.0,1.55
1921,,,,,,,
1922,45426.0,18.1,8.34,7.28,1002.0,57.4,3.38
1923,45426.0,21.7,8.62,9.47,684.9,10.3,4.34
1924,45426.0,21.0,8.1,10.75,512.5,23.0,0.83
1925,45426.0,19.6,8.72,11.21,--,26.2,5.39
1926,45426.0,22.9,8.52,10.22,1598.7,58.6,9.27
1927,45426.0,22.0,8.43,11.52,971.3,51.4,5.51
1928,45426.0,28.2,8.19,9.56,1072.6,33.6,2.25
1929,45426.0,24.2,8.26,6.43,2218.1,133.1,4.62
1930,45426.0,23.6,8.76,23.89,747.4,11.0,1.27
1931,45426.0,25.3,8.48,26.42,2230.6,37.0,5.67
1932,45426.0,19.0,8.08,8.49,1069.0,15.1,2.68
1933,45426.0,15.7,7.89,6.18,784.4,9.8,1.74
1934,45426.0,18.9,8.18,8.59,973.2,183.1,3.07
1935,45426.0,19.8,8.43,17.24,616.4,10.8,1.52
1936,45426.0,16.8,8.25,12.20,478.0,4.2,1.13
1937,45426.0,17.2,8.65,9.64,970.4,5.2,1.87
1938,45426.0,25.0,8.01,9.88,1548.6,21.4,7.18
1939,45426.0,26.0,9.06,15.62,1242.6,16.0,2.64
1940,45426.0,17.5,8.29,10.27,602.7,31.4,1.66
1941,45426.0,21.5,8.52,10.21,494.7,17.6,1.65
1942,45426.0,25.8,8.8,14.45,1265.6,8.3,4.09
1943,45426.0,22.4,9.02,11.04,732.5,63.3,2.87
1944,45426.0,23.2,9.06,13.67,996.8,15.4,2.66
1945,45426.0,23.5,8.6,9.78,874.5,4.2,2.75
1946,45426.0,17.2,8.3,9.42,659.1,24.0,1.62
1947,45426.0,21.2,8.72,14.45,1086.3,38.4,4.58
1948,45426.0,16.8,8.36,8.79,895.6,399.7,2.63
1949,45426.0,18.3,8.32,10.06,943.5,276.4,2.77
1950,45426.0,16.0,8.57,9.98,1896.9,51.0,8.52
1951,45426.0,17.9,8.48,9.24,1007.4,264.2,2.39
1952,45426.0,14.1,8.27,10.92,283.0,15.6,8.20
1953,,,,,,,
1954,45426.0,16.0,7.98,8.98,397.8,11.4,17.46
1955,45426.0,10.9,8.91,10.52,1211.8,15.2,6.46
1956,45426.0,17.5,8.59,10.11,916.6,135.7,1.74
1957,45426.0,17.4,8.84,9.64,--,28.9,7.10
1958,45426.0,16.7,8.58,9.21,712.3,207.5,2.19
1959,45426.0,17.5,8.97,9.37,2260.1,1.5,6.64
1960,45426.0,17.3,8.52,10.12,768.4,12.0,2.05
1961,45426.0,12.4,8.53,15.66,163.6,32.7,5.26
1962,45426.0,13.3,7.52,13.52,307.3,63.4,2.00
1963,45426.0,25.5,8.69,13.05,185.4,49.6,4.26
1964,45426.0,18.6,8.07,3.00,837.6,96.2,8.23
1965,45426.0,20.2,7.43,10.78,718.0,7.5,6.05
1966,45426.0,18.1,8.15,8.62,456.0,17.7,2.62
1967,45426.0,19.4,8.32,9.32,801.4,8.2,4.15
1968,45426.0,18.0,8.8,11.57,316.3,44.2,5.11
1969,45426.0,16.0,8.83,12.58,329.1,84.2,4.50
1970,45426.0,18.8,7.8,14.76,535.6,1.0,2.77
1971,45426.0,20.5,8.98,9.66,254.9,2.9,1.51
1972,45426.0,20.1,8.6,10.09,466.4,8.7,4.03
1973,45426.0,20.6,8.48,11.69,516.2,14.9,3.85
1974,45426.0,20.4,8.6,9.77,657.1,4.3,2.69
1975,45426.0,18.5,7.44,10.09,132.5,5.9,1.98
1976,45426.0,20.1,9.17,5.36,219.3,7.0,2.98
1977,45426.0,24.1,8.99,10.96,660.7,17.8,8.45
1978,45426.0,17.3,8.56,8.17,411.0,66.9,2.42
1979,45426.0,17.9,8.5,12.12,278.1,5.5,1.82
1980,45426.0,19.9,8.84,4.79,631.4,12.1,3.08
1981,45426.0,17.4,8.42,11.40,371.4,3.7,1.11
1982,45426.0,17.4,7.82,8.01,381.5,87.2,1.68
1983,45426.0,14.6,8.2,12.51,254.0,2.1,1.86
1984,45426.0,20.9,8.61,14.99,514.4,15.2,2.86
1985,45426.0,19.9,7.87,14.66,367.7,4.2,1.49
1986,45426.0,18.9,8.93,11.81,238.5,11.9,2.21
1987,45426.0,20.3,8.3,11.03,256.1,10.2,0.93
1988,45426.0,19.6,8.96,11.83,254.0,7.8,2.04
1989,45426.0,17.9,8.48,11.31,195.4,12.7,1.69
1990,45426.0,9.6,8.29,14.18,240.9,7.9,1.03
1991,45426.0,12.4,8.41,11.41,241.9,12.7,1.52
1992,45426.0,11.6,7.92,9.00,275.0,1.4,1.56
1993,45426.0,17.6,8.39,9.52,132.3,9.6,0.61
1994,45426.0,11.2,7.41,7.06,164.3,6.1,1.55
1995,45426.0,17.6,7.88,9.77,193.1,4.4,2.10
1996,45426.0,18.4,7.65,10.87,347.2,1.5,0.79
1997,45426.0,16.8,8.3,10.48,692.8,14.1,2.16
1998,45426.0,17.6,8.42,9.18,826.7,37.6,3.33
1999,45427.0,23.0,8.35,10.83,426.8,11.4,1.86
2000,45427.0,23.0,8.74,9.39,997.6,6.6,2.84
2001,45427.0,23.6,7.35,10.70,828.3,12.3,4.96
2002,45427.0,23.5,8.32,9.28,843.9,4.1,3.80
2003,45427.0,22.5,7.85,9.26,1211.1,13.5,3.54
2004,45427.0,21.1,8.24,8.16,990.4,42.8,3.73
2005,45427.0,22.9,8.09,11.17,871.2,4.5,3.85
2006,45427.0,22.1,7.56,8.64,453.1,7.4,1.88
2007,45427.0,24.5,8.18,10.11,951.4,16.8,5.78
2008,45427.0,23.1,7.76,11.40,1248.0,40.9,4.68
2009,45427.0,25.0,9.81,20.44,1086.1,21.2,5.43
2010,45427.0,25.0,8.72,11.95,1143.6,21.9,5.09
2011,45427.0,20.2,8.5,9.53,422.6,4.4,2.65
2012,45427.0,22.1,8.14,9.21,731.5,32.3,5.29
2013,45427.0,18.0,8.54,10.92,435.8,2.6,2.29
2014,45427.0,19.3,8.33,10.03,466.2,12.9,1.68
2015,45427.0,20.1,7.86,8.27,552.1,4.5,1.07
2016,45427.0,21.3,8.99,14.99,572.8,8.8,3.46
2017,45427.0,15.8,8.48,7.45,525.8,55.6,1.99
2018,45427.0,22.6,7.95,6.20,887.1,12.7,3.43
2019,45427.0,22.8,8.14,9.76,713.9,11.0,3.05
2020,45427.0,22.7,8.6,16.87,778.2,8.8,3.63
2021,45427.0,22.4,8.34,10.24,659.8,9.1,3.18
2022,45427.0,22.4,8.29,8.88,282.9,1.9,1.53
2023,45427.0,22.0,8.86,17.74,2477.3,14.3,4.18
2024,45427.0,22.1,8.14,7.97,274.7,6.4,1.87
2025,45427.0,22.7,8.43,11.36,912.6,13.6,6.32
2026,45427.0,23.8,9.37,15.89,942.0,24.9,6.53
2027,45427.0,19.4,8.26,5.21,3812.8,41.7,5.96
2028,45427.0,23.4,9.46,16.80,24365.0,21.2,12.59
2029,45427.0,20.9,8.61,10.66,8169.1,75.1,5.82
2030,45427.0,22.4,8.48,14.60,35857.3,817.4,11.54
2031,45427.0,23.2,8.38,6.98,4052.4,52.4,8.00
2032,45427.0,23.5,8.53,10.55,2768.0,46.9,7.69
2033,45427.0,23.2,9.16,27.56,16380.0,59.9,14.79
2034,45427.0,19.6,8.17,10.50,1361.5,33.9,4.93
2035,45427.0,20.2,8.72,10.55,531.8,3.6,3.14
2036,45427.0,20.0,8.23,7.08,522.9,7.8,2.58
2037,45427.0,15.9,8.34,10.85,629.1,5.2,2.27
2038,45427.0,23.3,8.58,11.28,887.3,8.8,2.76
2039,45427.0,16.4,8.72,10.93,644.0,2.1,1.95
2040,45427.0,23.4,8.24,9.89,626.7,91.0,2.58
2041,45427.0,19.3,7.94,5.77,1113.3,97.1,0.56
2042,45427.0,23.1,8.37,13.81,904.8,16.9,1.11
2043,45427.0,22.0,8.44,9.81,405.7,21.6,1.80
2044,45427.0,21.1,8.21,4.14,1281.6,14.6,5.98
2045,45427.0,16.9,8.68,11.84,602.4,0.6,2.12
2046,45427.0,22.4,8.99,14.53,745.3,11.5,3.24
2047,45427.0,20.7,9.44,5.95,1232.1,8.0,7.87
2048,45427.0,21.5,8.03,7.20,569.8,10.0,2.25
2049,45427.0,22.2,7.99,8.65,20632.9,2.3,3.10
2050,45427.0,22.6,9.39,15.12,894.1,23.3,3.96
2051,45427.0,20.5,8.23,8.10,465.9,0.7,0.84
2052,45427.0,21.2,8.94,14.09,694.1,16.3,4.02
2053,45427.0,22.8,8.5,9.84,766.2,27.5,4.18
2054,45427.0,19.5,8.5,7.05,27965.4,7.3,13.01
2055,45427.0,22.3,9.38,10.37,3295.0,170.3,8.75
2056,45427.0,25.2,6.44,6.37,42754.2,8.6,4.04
2057,45427.0,18.9,8.53,8.79,556.5,14.8,1.06
2058,45427.0,23.7,8.64,9.62,543.4,5.4,0.88
2059,45427.0,24.6,9.0,18.34,745.5,28.5,3.30
2060,45427.0,25.7,8.04,8.49,816.4,60.6,5.13
2061,45427.0,24.7,8.25,7.23,793.9,22.7,3.82
2062,45427.0,23.0,8.31,8.18,627.4,5.0,3.00
2063,45427.0,21.1,8.12,8.60,592.0,10.6,0.75
2064,45427.0,17.4,8.2,9.05,528.0,15.7,1.25
2065,45427.0,18.3,8.73,8.30,1203.4,64.0,4.67
2066,45427.0,19.3,8.53,9.15,1268.0,48.4,5.47
2067,45427.0,21.4,8.5,7.59,802.2,13.6,2.16
2068,45427.0,18.4,8.65,10.21,664.3,2.3,1.56
2069,45427.0,17.9,8.25,7.33,419.4,6.9,1.48
2070,45427.0,16.6,8.42,8.22,377.7,121.6,9.26
2071,45427.0,19.6,7.87,7.75,892.7,2.0,1.00
2072,45427.0,20.8,8.29,8.60,563.3,42.6,4.56
2073,45427.0,18.9,8.2,8.15,1337.5,10.9,1.50
2074,45427.0,16.0,8.43,8.04,325.6,114.0,8.26
2075,45427.0,19.2,8.14,7.83,527.9,98.4,6.54
2076,45427.0,19.0,8.34,9.11,798.2,12.4,1.42
2077,45427.0,18.1,8.3,15.70,660.3,2.9,1.46
2078,45427.0,17.3,8.78,7.68,605.1,69.2,7.96
2079,45427.0,20.5,8.33,8.23,711.2,28.8,1.72
2080,45427.0,15.8,7.86,8.40,493.9,3.8,1.36
2081,45427.0,23.1,9.32,9.37,2925.7,25.6,6.80
2082,45427.0,23.3,8.19,9.36,--,9.7,6.23
2083,45427.0,20.3,7.76,9.96,40410.0,223.0,5.31
2084,45427.0,22.3,8.48,9.85,2203.5,44.6,5.74
2085,45427.0,22.1,8.71,10.61,2934.2,28.9,6.25
2086,45427.0,23.6,9.43,11.76,1274.1,16.0,5.72
2087,45427.0,23.3,8.25,17.41,1006.0,10.4,5.52
2088,45427.0,23.0,8.62,27.67,964.3,13.6,5.47
2089,45427.0,24.4,8.22,8.38,1793.1,30.0,6.38
2090,45427.0,24.5,9.13,28.55,693.0,7.8,5.41
2091,45427.0,24.8,8.88,15.44,969.7,1.2,6.62
2092,45427.0,23.9,8.92,11.45,879.6,13.2,5.21
2093,45427.0,23.3,8.83,8.41,1477.2,29.2,5.77
2094,45427.0,24.4,8.91,8.50,352.9,8.4,1.85
2095,45427.0,24.9,8.02,8.40,987.1,30.5,3.51
2096,45427.0,24.8,8.07,11.78,1143.4,10.2,4.81
2097,45427.0,26.3,7.98,7.32,1073.4,12.9,5.59
2098,45427.0,22.3,8.64,11.99,645.5,2.9,4.54
2099,45427.0,22.6,8.46,10.93,901.0,34.0,4.09
2100,45427.0,23.2,8.55,10.70,913.0,4.7,4.42
2101,45427.0,23.3,7.93,8.48,690.0,4.3,5.48
2102,45427.0,21.5,8.42,9.60,1495.0,12.5,6.20
2103,45427.0,16.4,8.48,9.79,753.2,10.5,1.65
2104,45427.0,17.4,8.53,9.94,809.6,10.5,1.55
2105,45427.0,17.6,8.7,16.07,916.4,28.1,1.97
2106,45427.0,16.8,8.36,8.50,565.8,21.3,3.37
2107,45427.0,17.9,8.5,7.85,1289.1,11.6,4.38
2108,45427.0,17.5,8.83,7.73,1077.1,89.5,5.21
2109,45427.0,19.7,8.33,7.56,988.6,316.7,4.91
2110,45427.0,19.8,8.01,10.52,1540.9,13.2,4.29
2111,45427.0,21.3,8.08,8.12,518.3,19.8,2.12
2112,45427.0,20.5,8.09,9.07,2234.2,2.1,4.19
2113,45427.0,22.1,8.42,8.58,740.5,16.1,2.30
2114,45427.0,22.4,7.99,7.68,666.1,28.0,8.09
2115,45427.0,13.2,7.75,8.73,718.6,5.6,2.63
2116,45427.0,22.5,7.91,7.47,813.4,41.0,4.88
2117,45427.0,19.2,8.2,8.57,509.3,3.2,2.44
2118,45427.0,19.6,7.69,4.72,621.6,25.0,1.99
2119,45427.0,22.6,8.43,9.57,805.0,5.2,1.65
2120,45427.0,21.4,8.66,13.78,996.1,55.6,3.09
2121,45427.0,18.6,8.43,7.02,692.5,10.6,4.29
2122,45427.0,20.6,7.98,8.27,511.1,39.7,0.63
2123,45427.0,22.7,8.37,9.82,--,35.4,5.46
2124,45427.0,23.2,8.11,7.52,1643.4,62.5,8.26
2125,45427.0,22.9,8.45,9.63,968.2,47.3,5.39
2126,45427.0,24.7,8.21,9.51,1037.2,48.0,2.24
2127,45427.0,24.2,8.26,5.04,2268.7,125.0,4.93
2128,45427.0,23.7,8.22,8.35,706.0,12.2,1.49
2129,45427.0,22.7,8.26,15.15,2175.8,40.4,5.60
2130,45427.0,15.0,8.06,7.94,990.9,17.9,2.67
2131,45427.0,16.7,7.89,5.26,761.7,7.0,1.11
2132,45427.0,22.7,8.21,6.58,969.7,128.5,4.33
2133,45427.0,18.1,8.06,8.84,639.8,11.8,1.35
2134,45427.0,14.0,7.98,9.06,484.5,6.5,0.89
2135,45427.0,19.1,8.56,7.63,951.9,8.4,1.68
2136,45427.0,24.7,8.16,10.60,1577.7,18.2,5.13
2137,45427.0,24.5,9.12,9.10,831.2,20.4,2.86
2138,45427.0,21.0,8.09,6.77,598.3,102.6,1.73
2139,45427.0,22.1,8.39,7.01,506.8,17.7,1.91
2140,45427.0,24.4,8.68,5.79,1157.2,5.9,3.62
2141,45427.0,23.0,9.02,7.00,725.6,57.6,2.83
2142,45427.0,24.3,8.71,9.73,1004.1,17.4,2.48
2143,45427.0,22.6,8.54,6.81,855.4,4.5,2.52
2144,45427.0,16.2,8.24,8.16,659.0,28.7,1.60
2145,45427.0,23.7,8.56,17.38,1039.8,43.4,4.14
2146,45427.0,17.7,8.36,8.77,894.8,417.4,2.60
2147,45427.0,19.0,8.32,9.93,942.3,273.4,2.39
2148,45427.0,20.4,8.53,11.28,1791.4,85.1,8.92
2149,45427.0,17.4,8.49,9.06,997.4,264.9,2.40
2150,45427.0,13.5,7.35,7.75,84.9,6.8,3.48
2151,45427.0,12.8,8.3,10.76,288.4,17.0,8.26
2152,45427.0,14.5,8.22,10.78,305.4,33.0,10.89
2153,45427.0,16.5,7.95,8.92,394.6,11.8,16.93
2154,45427.0,11.4,8.89,9.95,1202.1,35.2,6.94
2155,45427.0,17.9,8.58,9.80,905.7,168.1,1.68
2156,45427.0,18.8,8.87,11.45,--,22.4,7.17
2157,45427.0,17.2,8.58,9.16,712.0,129.3,1.95
2158,45427.0,19.1,9.11,11.81,2251.9,1.1,7.14
2159,45427.0,14.4,8.3,7.31,765.1,12.1,1.77
2160,45427.0,13.7,8.54,11.78,163.0,3.4,5.30
2161,45427.0,14.7,7.58,11.19,306.6,63.1,1.58
2162,45427.0,13.5,8.15,11.96,174.6,50.5,4.29
2163,45427.0,20.0,8.43,5.47,824.0,62.8,8.64
2164,45427.0,19.4,7.46,10.67,705.6,7.7,5.02
2165,45427.0,18.4,8.26,9.05,418.8,19.7,2.07
2166,45427.0,19.2,8.41,9.42,806.4,8.6,4.07
2167,45427.0,17.7,8.71,10.48,320.9,50.2,4.66
2168,45427.0,15.7,8.69,11.82,330.2,88.8,5.16
2169,45427.0,18.7,7.6,12.60,539.6,0.5,2.69
2170,45427.0,20.5,9.01,9.93,255.1,3.0,1.51
2171,45427.0,18.8,8.45,9.01,455.1,11.0,3.70
2172,45427.0,19.8,8.47,10.80,521.0,14.2,3.73
2173,45427.0,19.9,8.39,8.07,655.8,4.4,1.77
2174,45427.0,18.3,7.49,10.00,132.5,4.0,1.66
2175,45427.0,20.1,9.15,5.14,219.9,9.0,3.24
2176,45427.0,21.2,8.77,10.26,647.4,21.2,8.80
2177,45427.0,16.6,8.44,8.39,407.4,78.7,2.52
2178,45427.0,18.5,9.21,11.83,281.3,3.1,1.94
2179,45427.0,19.7,8.77,5.47,640.9,10.5,3.05
2180,45427.0,16.6,8.32,9.12,373.8,3.6,1.03
2181,45427.0,17.2,7.86,8.24,378.3,81.5,1.79
2182,45427.0,14.6,8.18,12.45,254.1,3.1,1.81
2183,45427.0,19.2,8.27,8.43,525.1,21.6,3.01
2184,45427.0,17.2,7.57,12.24,404.3,4.2,1.25
2185,45427.0,18.1,8.71,8.59,246.0,7.6,1.99
2186,45427.0,15.9,7.76,9.25,256.0,10.8,0.93
2187,45427.0,16.5,7.99,8.81,221.8,9.7,2.53
2188,45427.0,17.3,7.83,7.91,201.0,17.1,1.87
2189,45427.0,9.9,8.32,12.73,240.8,8.7,1.05
2190,45427.0,11.8,8.45,11.05,247.2,12.2,1.53
2191,45427.0,11.8,8.29,10.61,277.1,1.7,0.25
2192,45427.0,16.2,8.1,8.94,127.8,5.9,0.57
2193,45427.0,11.8,7.52,7.44,164.6,6.1,1.55
2194,45427.0,17.5,7.59,8.88,193.9,4.6,3.03
2195,45427.0,17.7,7.32,9.57,349.6,1.6,0.78
2196,45427.0,17.4,8.24,9.59,692.7,17.0,2.23
2197,45427.0,19.0,8.5,8.77,800.3,41.3,4.38
2198,45427.0,17.8,8.38,10.07,739.6,19.8,2.80
